sensitivity_family,parameter,parameter_value,parameter_subvalue,track,scenario_id,base_scenario_id,dataset,family,node_count,task_count,scenario_seed,workload_seed,replication_index,replication_rule,budget,actual_objective_calls,wall_time_s,origin,total_facility_energy_wh,total_emissions_g,active_energy_wh,inactive_energy_wh,wake_energy_wh,active_node_count,legacy_finish_bounded_energy_wh,legacy_finish_bounded_emissions_g,finish_bounded_floor_energy_wh,finish_bounded_floor_emissions_g,fixed_horizon_end_s,fixed_horizon_duration_s,infrastructure_floor_energy_wh,infrastructure_floor_emissions_g,gross_horizon_energy_wh,gross_horizon_emissions_g,scheduler_controllable_energy_wh,scheduler_controllable_emissions_g,background_energy_share_pct,background_emissions_share_pct,makespan_s,deadline_miss_ratio,total_tardiness_s,migration_volume_gib,migration_energy_wh,migration_emissions_g
evaluation_budget,budget_factor,0.6,,representative,rep_Google2011v2_trace_dynamic_n060_823,rep_Google2011v2_trace_dynamic_n060_823,Google2011v2,trace_dynamic,30,60,823,823,0,exact_frozen_v3a_representative_scenario,216,130,5.4658507959975395,v6c_anchor_critical_tail_fast_turbo_1,891.4401014357704,40.59831592556469,633.1565113853098,241.75202186358382,15.70833333333333,2.0,891.4401014357704,40.59831592556469,212.64531670554268,39.960160738438184,350854.97646773304,28654.97646773304,232.0097928004123,43.15491503357963,910.8045775306399,43.793070220706156,678.7947847302278,0.6381551871265074,25.47305959193067,98.54279413635449,26263.316184299183,0.0,0.0,13.720580892403982,0.8232348535442389,0.09692411944310333
evaluation_budget,budget_factor,0.8,,representative,rep_Google2011v2_trace_dynamic_n060_823,rep_Google2011v2_trace_dynamic_n060_823,Google2011v2,trace_dynamic,30,60,823,823,0,exact_frozen_v3a_representative_scenario,216,173,8.762831394997193,v6c_anchor_critical_tail_fast_turbo_1,891.4401014357704,40.59831592556469,633.1565113853098,241.75202186358382,15.70833333333333,2.0,891.4401014357704,40.59831592556469,212.64531670554268,39.960160738438184,350854.97646773304,28654.97646773304,232.0097928004123,43.15491503357963,910.8045775306399,43.793070220706156,678.7947847302278,0.6381551871265074,25.47305959193067,98.54279413635449,26263.316184299183,0.0,0.0,13.720580892403982,0.8232348535442389,0.09692411944310333
evaluation_budget,budget_factor,1.0,,representative,rep_Google2011v2_trace_dynamic_n060_823,rep_Google2011v2_trace_dynamic_n060_823,Google2011v2,trace_dynamic,30,60,823,823,0,exact_frozen_v3a_representative_scenario,216,216,10.27029453099999,v6c_anchor_critical_tail_fast_turbo_1,891.4401014357704,40.59831592556469,633.1565113853098,241.75202186358382,15.70833333333333,2.0,891.4401014357704,40.59831592556469,212.64531670554268,39.960160738438184,350854.97646773304,28654.97646773304,232.0097928004123,43.15491503357963,910.8045775306399,43.793070220706156,678.7947847302278,0.6381551871265074,25.47305959193067,98.54279413635449,26263.316184299183,0.0,0.0,13.720580892403982,0.8232348535442389,0.09692411944310333
evaluation_budget,budget_factor,1.2,,representative,rep_Google2011v2_trace_dynamic_n060_823,rep_Google2011v2_trace_dynamic_n060_823,Google2011v2,trace_dynamic,30,60,823,823,0,exact_frozen_v3a_representative_scenario,216,259,9.986519323996617,v6c_anchor_critical_tail_fast_turbo_1,891.4401014357704,40.59831592556469,633.1565113853098,241.75202186358382,15.70833333333333,2.0,891.4401014357704,40.59831592556469,212.64531670554268,39.960160738438184,350854.97646773304,28654.97646773304,232.0097928004123,43.15491503357963,910.8045775306399,43.793070220706156,678.7947847302278,0.6381551871265074,25.47305959193067,98.54279413635449,26263.316184299183,0.0,0.0,13.720580892403982,0.8232348535442389,0.09692411944310333
critical_tail_size,tail_size,1,,representative,rep_Google2011v2_trace_dynamic_n060_823,rep_Google2011v2_trace_dynamic_n060_823,Google2011v2,trace_dynamic,30,60,823,823,0,exact_frozen_v3a_representative_scenario,216,216,8.676877525998862,parameterized_v6c_anchor_critical_tail_fast_turbo_1,891.4401014357704,40.59831592556469,633.1565113853098,241.75202186358382,15.70833333333333,2.0,891.4401014357704,40.59831592556469,212.64531670554268,39.960160738438184,350854.97646773304,28654.97646773304,232.0097928004123,43.15491503357963,910.8045775306399,43.793070220706156,678.7947847302278,0.6381551871265074,25.47305959193067,98.54279413635449,26263.316184299183,0.0,0.0,13.720580892403982,0.8232348535442389,0.09692411944310333
critical_tail_size,tail_size,2,,representative,rep_Google2011v2_trace_dynamic_n060_823,rep_Google2011v2_trace_dynamic_n060_823,Google2011v2,trace_dynamic,30,60,823,823,0,exact_frozen_v3a_representative_scenario,216,216,10.109976395004196,uniform_pool_Google2011v2_node_027_turbo,849.0400310817827,40.716304353166194,594.4713472874012,243.11211560750482,10.633333333333331,1.0,849.0400310817827,40.716304353166194,213.61137670875124,40.12151529639688,350854.97646773304,28654.97646773304,232.0097928004123,43.15491503357963,867.4384471734437,43.74970409034896,635.4286543730315,0.594789056769315,26.746542484532288,98.64047296059188,26382.631952501135,0.0,0.0,13.720580892403982,0.8232348535442389,0.09692411944310333
critical_tail_size,tail_size,4,,representative,rep_Google2011v2_trace_dynamic_n060_823,rep_Google2011v2_trace_dynamic_n060_823,Google2011v2,trace_dynamic,30,60,823,823,0,exact_frozen_v3a_representative_scenario,216,216,7.989528117002919,uniform_pool_Google2011v2_node_027_turbo,849.0400310817827,40.716304353166194,594.4713472874012,243.11211560750482,10.633333333333331,1.0,849.0400310817827,40.716304353166194,213.61137670875124,40.12151529639688,350854.97646773304,28654.97646773304,232.0097928004123,43.15491503357963,867.4384471734437,43.74970409034896,635.4286543730315,0.594789056769315,26.746542484532288,98.64047296059188,26382.631952501135,0.0,0.0,13.720580892403982,0.8232348535442389,0.09692411944310333
critical_tail_size,tail_size,8,,representative,rep_Google2011v2_trace_dynamic_n060_823,rep_Google2011v2_trace_dynamic_n060_823,Google2011v2,trace_dynamic,30,60,823,823,0,exact_frozen_v3a_representative_scenario,216,216,9.780035597999813,uniform_pool_Google2011v2_node_027_turbo,849.0400310817827,40.716304353166194,594.4713472874012,243.11211560750482,10.633333333333331,1.0,849.0400310817827,40.716304353166194,213.61137670875124,40.12151529639688,350854.97646773304,28654.97646773304,232.0097928004123,43.15491503357963,867.4384471734437,43.74970409034896,635.4286543730315,0.594789056769315,26.746542484532288,98.64047296059188,26382.631952501135,0.0,0.0,13.720580892403982,0.8232348535442389,0.09692411944310333
carbon_shift_cap,maximum_shift_fraction,0.0,,representative,rep_Google2011v2_trace_dynamic_n060_823,rep_Google2011v2_trace_dynamic_n060_823,Google2011v2,trace_dynamic,30,60,823,823,0,exact_frozen_v3a_representative_scenario,216,216,9.925371263998386,v6c_anchor_critical_tail_fast_turbo_1__shift_cap,891.4401014357704,40.59831592556469,633.1565113853098,241.75202186358382,15.70833333333333,2.0,891.4401014357704,40.59831592556469,212.64531670554268,39.960160738438184,350854.97646773304,28654.97646773304,232.0097928004123,43.15491503357963,910.8045775306399,43.793070220706156,678.7947847302278,0.6381551871265074,25.47305959193067,98.54279413635449,26263.316184299183,0.0,0.0,13.720580892403982,0.8232348535442389,0.09692411944310333
carbon_shift_cap,maximum_shift_fraction,0.25,,representative,rep_Google2011v2_trace_dynamic_n060_823,rep_Google2011v2_trace_dynamic_n060_823,Google2011v2,trace_dynamic,30,60,823,823,0,exact_frozen_v3a_representative_scenario,216,216,7.888142059004167,v6c_anchor_critical_tail_fast_turbo_1__shift_cap,891.4401014357704,40.59831592556469,633.1565113853098,241.75202186358382,15.70833333333333,2.0,891.4401014357704,40.59831592556469,212.64531670554268,39.960160738438184,350854.97646773304,28654.97646773304,232.0097928004123,43.15491503357963,910.8045775306399,43.793070220706156,678.7947847302278,0.6381551871265074,25.47305959193067,98.54279413635449,26263.316184299183,0.0,0.0,13.720580892403982,0.8232348535442389,0.09692411944310333
carbon_shift_cap,maximum_shift_fraction,0.5,,representative,rep_Google2011v2_trace_dynamic_n060_823,rep_Google2011v2_trace_dynamic_n060_823,Google2011v2,trace_dynamic,30,60,823,823,0,exact_frozen_v3a_representative_scenario,216,216,9.899742417001107,v6c_anchor_critical_tail_fast_turbo_1__shift_cap,891.4401014357704,40.59831592556469,633.1565113853098,241.75202186358382,15.70833333333333,2.0,891.4401014357704,40.59831592556469,212.64531670554268,39.960160738438184,350854.97646773304,28654.97646773304,232.0097928004123,43.15491503357963,910.8045775306399,43.793070220706156,678.7947847302278,0.6381551871265074,25.47305959193067,98.54279413635449,26263.316184299183,0.0,0.0,13.720580892403982,0.8232348535442389,0.09692411944310333
carbon_shift_cap,maximum_shift_fraction,1.0,,representative,rep_Google2011v2_trace_dynamic_n060_823,rep_Google2011v2_trace_dynamic_n060_823,Google2011v2,trace_dynamic,30,60,823,823,0,exact_frozen_v3a_representative_scenario,216,216,10.27029453099999,v6c_anchor_critical_tail_fast_turbo_1,891.4401014357704,40.59831592556469,633.1565113853098,241.75202186358382,15.70833333333333,2.0,891.4401014357704,40.59831592556469,212.64531670554268,39.960160738438184,350854.97646773304,28654.97646773304,232.0097928004123,43.15491503357963,910.8045775306399,43.793070220706156,678.7947847302278,0.6381551871265074,25.47305959193067,98.54279413635449,26263.316184299183,0.0,0.0,13.720580892403982,0.8232348535442389,0.09692411944310333
dvfs_policy,dvfs_policy,balanced_only,,representative,rep_Google2011v2_trace_dynamic_n060_823,rep_Google2011v2_trace_dynamic_n060_823,Google2011v2,trace_dynamic,30,60,823,823,0,exact_frozen_v3a_representative_scenario,216,216,5.948051917999692,uniform_pool_Google2011v2_node_027_eco_low__no_dvfs,760.3584538530413,40.9280571258232,507.8657674067833,241.03611825938134,10.633333333333331,1.0,760.3584538530413,40.9280571258232,215.27350183082942,40.39912896786062,350854.97646773304,28654.97646773304,232.0097928004123,43.15491503357963,777.0947448226241,43.68384319154224,545.0849520222118,0.5289281579625822,29.856049644676176,98.78919042071597,26587.91706432635,0.0,0.0,13.720580892403982,0.8232348535442389,0.09692411944310333
dvfs_policy,dvfs_policy,eco_balanced,,representative,rep_Google2011v2_trace_dynamic_n060_823,rep_Google2011v2_trace_dynamic_n060_823,Google2011v2,trace_dynamic,30,60,823,823,0,exact_frozen_v3a_representative_scenario,216,216,9.07891019800445,uniform_pool_Google2011v2_node_027_balanced__eco_balanced_dvfs,760.3584538530413,40.9280571258232,507.8657674067833,241.03611825938134,10.633333333333331,1.0,760.3584538530413,40.9280571258232,215.27350183082942,40.39912896786062,350854.97646773304,28654.97646773304,232.0097928004123,43.15491503357963,777.0947448226241,43.68384319154224,545.0849520222118,0.5289281579625822,29.856049644676176,98.78919042071597,26587.91706432635,0.0,0.0,13.720580892403982,0.8232348535442389,0.09692411944310333
dvfs_policy,dvfs_policy,full_5state,,representative,rep_Google2011v2_trace_dynamic_n060_823,rep_Google2011v2_trace_dynamic_n060_823,Google2011v2,trace_dynamic,30,60,823,823,0,exact_frozen_v3a_representative_scenario,216,216,10.27029453099999,v6c_anchor_critical_tail_fast_turbo_1,891.4401014357704,40.59831592556469,633.1565113853098,241.75202186358382,15.70833333333333,2.0,891.4401014357704,40.59831592556469,212.64531670554268,39.960160738438184,350854.97646773304,28654.97646773304,232.0097928004123,43.15491503357963,910.8045775306399,43.793070220706156,678.7947847302278,0.6381551871265074,25.47305959193067,98.54279413635449,26263.316184299183,0.0,0.0,13.720580892403982,0.8232348535442389,0.09692411944310333
active_pool_size,pool_size,1,energy,representative,rep_Google2011v2_trace_dynamic_n060_823,rep_Google2011v2_trace_dynamic_n060_823,Google2011v2,trace_dynamic,30,60,823,823,0,exact_frozen_v3a_representative_scenario,216,1,0.07730540799821028,fixed_pool_energy_k1,1217.4629360037611,237.7394017764236,820.0486664749575,349.6390458095663,47.05555555555555,6.0,1217.4629360037611,237.7394017764236,224.96205445890283,41.998587855103324,350854.97646773304,28654.97646773304,232.0097928004123,43.15491503357963,1224.5106743452707,238.8957289548999,992.5008815448583,195.74081392132027,18.947143349686584,18.064330920594507,27784.52710484591,0.0,0.0,11.99446939482239,0.7196681636893433,0.16043662113018195
active_pool_size,pool_size,1,carbon,representative,rep_Google2011v2_trace_dynamic_n060_823,rep_Google2011v2_trace_dynamic_n060_823,Google2011v2,trace_dynamic,30,60,823,823,0,exact_frozen_v3a_representative_scenario,216,1,0.07447561000299174,fixed_pool_carbon_k1,1238.5570867035754,114.34711581066723,840.1197302622471,350.60035912806904,47.11111111111111,6.0,1238.5570867035754,114.34711581066723,224.96206255556987,41.99858918352894,350854.97646773304,28654.97646773304,232.0097928004123,43.15491503357963,1245.6048169484177,115.50344166071793,1013.5950241480055,72.34852662713828,18.626276138591727,37.362449476045676,27784.52810484596,0.0,0.0,12.098103369276995,0.7258862021566196,0.08557994433442843
active_pool_size,pool_size,1,hybrid,representative,rep_Google2011v2_trace_dynamic_n060_823,rep_Google2011v2_trace_dynamic_n060_823,Google2011v2,trace_dynamic,30,60,823,823,0,exact_frozen_v3a_representative_scenario,216,1,0.09900016299798153,fixed_pool_hybrid_k1,1217.4629360037611,237.7394017764236,820.0486664749575,349.6390458095663,47.05555555555555,6.0,1217.4629360037611,237.7394017764236,224.96205445890283,41.998587855103324,350854.97646773304,28654.97646773304,232.0097928004123,43.15491503357963,1224.5106743452707,238.8957289548999,992.5008815448583,195.74081392132027,18.947143349686584,18.064330920594507,27784.52710484591,0.0,0.0,11.99446939482239,0.7196681636893433,0.16043662113018195
active_pool_size,pool_size,1,speed,representative,rep_Google2011v2_trace_dynamic_n060_823,rep_Google2011v2_trace_dynamic_n060_823,Google2011v2,trace_dynamic,30,60,823,823,0,exact_frozen_v3a_representative_scenario,216,1,0.06871831799799111,fixed_pool_speed_k1,1154.408385063257,306.10322616295747,847.1274049927088,267.22714389887255,39.2,1.0,1154.408385063257,306.10322616295747,218.06642990078117,40.86561311236591,350854.97646773304,28654.97646773304,232.0097928004123,43.15491503357963,1168.3517479628879,308.3925280841712,936.3419551624758,265.23761305059156,19.85787184424035,13.993502145357143,26932.864952751843,0.0,0.0,14.230602861341989,0.8538361716805192,0.1918192835158331
active_pool_size,pool_size,2,energy,representative,rep_Google2011v2_trace_dynamic_n060_823,rep_Google2011v2_trace_dynamic_n060_823,Google2011v2,trace_dynamic,30,60,823,823,0,exact_frozen_v3a_representative_scenario,216,1,0.07250650400237646,fixed_pool_energy_k2,851.9262636566558,215.39206799862922,603.0965034030694,240.07884075109277,7.904166666666667,3.0,851.9262636566558,215.39206799862922,219.6953076044984,41.13446914995315,350854.97646773304,28654.97646773304,232.0097928004123,43.15491503357963,864.2407488525697,217.41251388225572,632.2309560521574,174.25759884867608,26.84550492538633,19.849324338777976,27134.04375518707,0.0,0.0,14.11254726380418,0.8467528358282507,0.19039553300952713
active_pool_size,pool_size,2,carbon,representative,rep_Google2011v2_trace_dynamic_n060_823,rep_Google2011v2_trace_dynamic_n060_823,Google2011v2,trace_dynamic,30,60,823,823,0,exact_frozen_v3a_representative_scenario,216,1,0.07313810299820034,fixed_pool_carbon_k2,865.635890968126,51.639377408356474,616.0164391506714,240.5935780775414,8.209722222222222,3.0,865.635890968126,51.639377408356474,217.2963682853117,40.736994857648455,350854.97646773304,28654.97646773304,232.0097928004123,43.15491503357963,880.3493154832265,54.057297584287674,648.3395226828143,10.902382550708019,26.354287862774264,79.83180248012076,26837.75647821877,0.0,0.0,13.602525294866174,0.8161515176919704,0.09636453591077412
active_pool_size,pool_size,2,hybrid,representative,rep_Google2011v2_trace_dynamic_n060_823,rep_Google2011v2_trace_dynamic_n060_823,Google2011v2,trace_dynamic,30,60,823,823,0,exact_frozen_v3a_representative_scenario,216,1,0.07550994700432057,fixed_pool_hybrid_k2,822.9020819592681,114.83493686191883,579.593161400946,239.3072577169235,3.1666666666666665,2.0,822.9020819592681,114.83493686191883,217.2963682853117,40.736994857648455,350854.97646773304,28654.97646773304,232.0097928004123,43.15491503357963,837.6155064743687,117.25285703785003,605.6057136739564,74.09794200427038,27.698841653131677,36.80500085353905,26837.75647821877,0.0,0.0,13.916602912211292,0.8349961747326774,0.12474769009802311
active_pool_size,pool_size,2,speed,representative,rep_Google2011v2_trace_dynamic_n060_823,rep_Google2011v2_trace_dynamic_n060_823,Google2011v2,trace_dynamic,30,60,823,823,0,exact_frozen_v3a_representative_scenario,216,1,0.07862563600065187,fixed_pool_speed_k2,1021.7213711244872,169.48635738177154,705.6701539694945,275.23020416248863,39.9,1.0,1021.7213711244872,169.48635738177154,212.45015758026307,39.92756461160701,350854.97646773304,28654.97646773304,232.0097928004123,43.15491503357963,1041.2810063446364,172.71370780374417,809.2712135442241,129.55879277016453,22.281189360677075,24.986386768221585,26239.212545936112,0.0,0.0,15.350216541720926,0.9210129925032554,0.16102394432057304
active_pool_size,pool_size,4,energy,representative,rep_Google2011v2_trace_dynamic_n060_823,rep_Google2011v2_trace_dynamic_n060_823,Google2011v2,trace_dynamic,30,60,823,823,0,exact_frozen_v3a_representative_scenario,216,1,0.07651930599968182,fixed_pool_energy_k4,825.0160543015406,171.89206766947808,582.1174349460307,238.88057898339756,3.1388888888888884,2.0,825.0160543015406,171.89206766947808,217.29704291075905,40.73710753583662,350854.97646773304,28654.97646773304,232.0097928004123,43.15491503357963,839.7288041911938,174.3098751672211,607.7190113907816,131.15496013364145,27.629133553883317,24.757584727875987,26837.839799599664,0.0,0.0,14.652524720412876,0.8791514832247724,0.1659095685819372
active_pool_size,pool_size,4,carbon,representative,rep_Google2011v2_trace_dynamic_n060_823,rep_Google2011v2_trace_dynamic_n060_823,Google2011v2,trace_dynamic,30,60,823,823,0,exact_frozen_v3a_representative_scenario,216,1,0.07920184999966295,fixed_pool_carbon_k4,821.7440966530932,40.863152039056914,567.9817824076804,242.30574605853658,10.633333333333331,1.0,821.7440966530932,40.863152039056914,214.60365421281392,40.287248788631985,350854.97646773304,28654.97646773304,232.0097928004123,43.15491503357963,839.1502352406915,43.73081828400458,607.1404424402792,0.5759032504249291,27.648183013839645,98.68307232056621,26505.185781739012,0.0,0.0,13.720580892403982,0.8232348535442389,0.09692411944310333
active_pool_size,pool_size,4,hybrid,representative,rep_Google2011v2_trace_dynamic_n060_823,rep_Google2011v2_trace_dynamic_n060_823,Google2011v2,trace_dynamic,30,60,823,823,0,exact_frozen_v3a_representative_scenario,216,1,0.09913579600106459,fixed_pool_hybrid_k4,1086.673152034031,40.721369053658364,756.4457998968585,287.79717283919257,41.60694444444444,2.0,1086.673152034031,40.721369053658364,212.4957075587123,39.93517252065334,350854.97646773304,28654.97646773304,232.0097928004123,43.15491503357963,1106.187237275731,43.94111156658467,874.1774444753188,0.7861965330050253,20.97382658037131,98.2107950732796,26244.838315197034,0.0,0.0,13.720580892403982,0.8232348535442389,0.09692411944310333
active_pool_size,pool_size,4,speed,representative,rep_Google2011v2_trace_dynamic_n060_823,rep_Google2011v2_trace_dynamic_n060_823,Google2011v2,trace_dynamic,30,60,823,823,0,exact_frozen_v3a_representative_scenario,216,1,0.07637179100129288,fixed_pool_speed_k4,1035.8098060474013,40.68655891502246,718.0560851972014,276.33048599665716,40.599999999999994,1.0,1035.8098060474013,40.68655891502246,212.4494829548157,39.92745193341882,350854.97646773304,28654.97646773304,232.0097928004123,43.15491503357963,1055.3701158929978,43.91402201518328,823.3603230925855,0.7591069816036367,21.983737203331554,98.2713790566913,26239.129224555218,0.0,0.0,13.720580892403982,0.8232348535442389,0.09692411944310333
active_pool_size,pool_size,6,energy,representative,rep_Google2011v2_trace_dynamic_n060_823,rep_Google2011v2_trace_dynamic_n060_823,Google2011v2,trace_dynamic,30,60,823,823,0,exact_frozen_v3a_representative_scenario,216,1,0.08035827300045639,fixed_pool_energy_k6,883.6648780668272,116.61819996154269,625.1406447593934,253.69851498148356,3.9722222222222214,3.0,883.6648780668272,116.61819996154269,217.2963682853117,40.736994857648455,350854.97646773304,28654.97646773304,232.0097928004123,43.15491503357963,898.3783025819278,119.03612013747389,666.3685097815155,75.88120510389423,25.825400294466053,36.2536303970092,26837.75647821877,0.0,0.0,14.224935062141464,0.8534961037284877,0.12164082836066106
active_pool_size,pool_size,6,carbon,representative,rep_Google2011v2_trace_dynamic_n060_823,rep_Google2011v2_trace_dynamic_n060_823,Google2011v2,trace_dynamic,30,60,823,823,0,exact_frozen_v3a_representative_scenario,216,1,0.11076267099997494,fixed_pool_carbon_k6,1091.822085243817,41.15717366941837,755.7271671879827,304.3383498689573,30.93333333333333,2.0,1091.822085243817,41.15717366941837,214.60365421281392,40.287248788631985,350854.97646773304,28654.97646773304,232.0097928004123,43.15491503357963,1109.228223831415,44.024839914366034,877.218431031003,0.8699248807863853,20.916326128001053,98.0240135285477,26505.185781739012,0.0,0.0,13.720580892403982,0.8232348535442389,0.09692411944310333
active_pool_size,pool_size,6,hybrid,representative,rep_Google2011v2_trace_dynamic_n060_823,rep_Google2011v2_trace_dynamic_n060_823,Google2011v2,trace_dynamic,30,60,823,823,0,exact_frozen_v3a_representative_scenario,216,1,0.08153367500199238,fixed_pool_hybrid_k6,1038.8244033159074,40.69019723307429,720.897299834272,276.3024797392036,40.80138888888888,2.0,1038.8244033159074,40.69019723307429,212.4494829548157,39.92745193341882,350854.97646773304,28654.97646773304,232.0097928004123,43.15491503357963,1058.384713161504,43.917660333235105,826.3749203610917,0.7627452996554638,21.921120922785743,98.26323785495863,26239.129224555218,0.0,0.0,13.720580892403982,0.8232348535442389,0.09692411944310333
active_pool_size,pool_size,6,speed,representative,rep_Google2011v2_trace_dynamic_n060_823,rep_Google2011v2_trace_dynamic_n060_823,Google2011v2,trace_dynamic,30,60,823,823,0,exact_frozen_v3a_representative_scenario,216,1,0.088872344000265,fixed_pool_speed_k6,1035.8098060474013,40.68655891502246,718.0560851972014,276.33048599665716,40.599999999999994,1.0,1035.8098060474013,40.68655891502246,212.4494829548157,39.92745193341882,350854.97646773304,28654.97646773304,232.0097928004123,43.15491503357963,1055.3701158929978,43.91402201518328,823.3603230925855,0.7591069816036367,21.983737203331554,98.2713790566913,26239.129224555218,0.0,0.0,13.720580892403982,0.8232348535442389,0.09692411944310333
active_pool_size,pool_size,8,energy,representative,rep_Google2011v2_trace_dynamic_n060_823,rep_Google2011v2_trace_dynamic_n060_823,Google2011v2,trace_dynamic,30,60,823,823,0,exact_frozen_v3a_representative_scenario,216,1,0.10178731400083052,fixed_pool_energy_k8,935.4787229329328,72.19193099731741,653.493003857523,276.60083024109326,4.600694444444444,5.0,935.4787229329328,72.19193099731741,217.2963682853117,40.736994857648455,350854.97646773304,28654.97646773304,232.0097928004123,43.15491503357963,950.1921474480333,74.60985117324861,718.1823546476211,31.45493613966896,24.417144829446308,57.840773510419275,26837.75647821877,0.0,0.0,13.06990649788113,0.7841943898728677,0.09430941418298952
active_pool_size,pool_size,8,carbon,representative,rep_Google2011v2_trace_dynamic_n060_823,rep_Google2011v2_trace_dynamic_n060_823,Google2011v2,trace_dynamic,30,60,823,823,0,exact_frozen_v3a_representative_scenario,216,1,0.10963994199846638,fixed_pool_carbon_k8,1091.822085243817,41.15717366941837,755.7271671879827,304.3383498689573,30.93333333333333,2.0,1091.822085243817,41.15717366941837,214.60365421281392,40.287248788631985,350854.97646773304,28654.97646773304,232.0097928004123,43.15491503357963,1109.228223831415,44.024839914366034,877.218431031003,0.8699248807863853,20.916326128001053,98.0240135285477,26505.185781739012,0.0,0.0,13.720580892403982,0.8232348535442389,0.09692411944310333
active_pool_size,pool_size,8,hybrid,representative,rep_Google2011v2_trace_dynamic_n060_823,rep_Google2011v2_trace_dynamic_n060_823,Google2011v2,trace_dynamic,30,60,823,823,0,exact_frozen_v3a_representative_scenario,216,1,0.08755959900008747,fixed_pool_hybrid_k8,1038.8244033159074,40.69019723307429,720.897299834272,276.3024797392036,40.80138888888888,2.0,1038.8244033159074,40.69019723307429,212.4494829548157,39.92745193341882,350854.97646773304,28654.97646773304,232.0097928004123,43.15491503357963,1058.384713161504,43.917660333235105,826.3749203610917,0.7627452996554638,21.921120922785743,98.26323785495863,26239.129224555218,0.0,0.0,13.720580892403982,0.8232348535442389,0.09692411944310333
active_pool_size,pool_size,8,speed,representative,rep_Google2011v2_trace_dynamic_n060_823,rep_Google2011v2_trace_dynamic_n060_823,Google2011v2,trace_dynamic,30,60,823,823,0,exact_frozen_v3a_representative_scenario,216,1,0.08870924400252989,fixed_pool_speed_k8,1035.8098060474013,40.68655891502246,718.0560851972014,276.33048599665716,40.599999999999994,1.0,1035.8098060474013,40.68655891502246,212.4494829548157,39.92745193341882,350854.97646773304,28654.97646773304,232.0097928004123,43.15491503357963,1055.3701158929978,43.91402201518328,823.3603230925855,0.7591069816036367,21.983737203331554,98.2713790566913,26239.129224555218,0.0,0.0,13.720580892403982,0.8232348535442389,0.09692411944310333
makespan_guard,makespan_guard_pct,0.5,archive_reselection,representative,rep_Google2011v2_trace_dynamic_n060_823,rep_Google2011v2_trace_dynamic_n060_823,Google2011v2,trace_dynamic,30,60,823,823,0,exact_frozen_v3a_representative_scenario,216,0,0.0,v6c_anchor_critical_tail_fast_turbo_4,892.4951216046219,40.53113753403667,634.7883193955255,241.17523402221985,15.70833333333333,2.0,892.4951216046219,40.53113753403667,212.1154640988809,39.87166299207953,350854.97646773304,28654.97646773304,232.0097928004123,43.15491503357963,912.3894503061532,43.8143895755368,680.379657505741,0.6594745419571382,25.428811427243176,98.49484484812868,26197.87535185844,0.0,0.0,13.720580892403982,0.8232348535442389,0.0969241194431033
makespan_guard,makespan_guard_pct,1.0,archive_reselection,representative,rep_Google2011v2_trace_dynamic_n060_823,rep_Google2011v2_trace_dynamic_n060_823,Google2011v2,trace_dynamic,30,60,823,823,0,exact_frozen_v3a_representative_scenario,216,0,0.0,v6c_anchor_critical_tail_fast_turbo_4,892.4951216046219,40.53113753403667,634.7883193955255,241.17523402221985,15.70833333333333,2.0,892.4951216046219,40.53113753403667,212.1154640988809,39.87166299207953,350854.97646773304,28654.97646773304,232.0097928004123,43.15491503357963,912.3894503061532,43.8143895755368,680.379657505741,0.6594745419571382,25.428811427243176,98.49484484812868,26197.87535185844,0.0,0.0,13.720580892403982,0.8232348535442389,0.0969241194431033
makespan_guard,makespan_guard_pct,2.0,archive_reselection,representative,rep_Google2011v2_trace_dynamic_n060_823,rep_Google2011v2_trace_dynamic_n060_823,Google2011v2,trace_dynamic,30,60,823,823,0,exact_frozen_v3a_representative_scenario,216,0,0.0,v6c_anchor_critical_tail_fast_turbo_4,892.4951216046219,40.53113753403667,634.7883193955255,241.17523402221985,15.70833333333333,2.0,892.4951216046219,40.53113753403667,212.1154640988809,39.87166299207953,350854.97646773304,28654.97646773304,232.0097928004123,43.15491503357963,912.3894503061532,43.8143895755368,680.379657505741,0.6594745419571382,25.428811427243176,98.49484484812868,26197.87535185844,0.0,0.0,13.720580892403982,0.8232348535442389,0.0969241194431033
controllable_energy_guard,controllable_energy_guard_pct,5.0,archive_reselection,representative,rep_Google2011v2_trace_dynamic_n060_823,rep_Google2011v2_trace_dynamic_n060_823,Google2011v2,trace_dynamic,30,60,823,823,0,exact_frozen_v3a_representative_scenario,216,0,0.0,v6c_anchor_critical_tail_fast_turbo_4,892.4951216046219,40.53113753403667,634.7883193955255,241.17523402221985,15.70833333333333,2.0,892.4951216046219,40.53113753403667,212.1154640988809,39.87166299207953,350854.97646773304,28654.97646773304,232.0097928004123,43.15491503357963,912.3894503061532,43.8143895755368,680.379657505741,0.6594745419571382,25.428811427243176,98.49484484812868,26197.87535185844,0.0,0.0,13.720580892403982,0.8232348535442389,0.0969241194431033
controllable_energy_guard,controllable_energy_guard_pct,10.0,archive_reselection,representative,rep_Google2011v2_trace_dynamic_n060_823,rep_Google2011v2_trace_dynamic_n060_823,Google2011v2,trace_dynamic,30,60,823,823,0,exact_frozen_v3a_representative_scenario,216,0,0.0,v6c_anchor_critical_tail_fast_turbo_4,892.4951216046219,40.53113753403667,634.7883193955255,241.17523402221985,15.70833333333333,2.0,892.4951216046219,40.53113753403667,212.1154640988809,39.87166299207953,350854.97646773304,28654.97646773304,232.0097928004123,43.15491503357963,912.3894503061532,43.8143895755368,680.379657505741,0.6594745419571382,25.428811427243176,98.49484484812868,26197.87535185844,0.0,0.0,13.720580892403982,0.8232348535442389,0.0969241194431033
controllable_energy_guard,controllable_energy_guard_pct,15.0,archive_reselection,representative,rep_Google2011v2_trace_dynamic_n060_823,rep_Google2011v2_trace_dynamic_n060_823,Google2011v2,trace_dynamic,30,60,823,823,0,exact_frozen_v3a_representative_scenario,216,0,0.0,v6c_anchor_critical_tail_fast_turbo_4,892.4951216046219,40.53113753403667,634.7883193955255,241.17523402221985,15.70833333333333,2.0,892.4951216046219,40.53113753403667,212.1154640988809,39.87166299207953,350854.97646773304,28654.97646773304,232.0097928004123,43.15491503357963,912.3894503061532,43.8143895755368,680.379657505741,0.6594745419571382,25.428811427243176,98.49484484812868,26197.87535185844,0.0,0.0,13.720580892403982,0.8232348535442389,0.0969241194431033
gross_energy_guard,gross_energy_guard_pct,2.0,archive_reselection,representative,rep_Google2011v2_trace_dynamic_n060_823,rep_Google2011v2_trace_dynamic_n060_823,Google2011v2,trace_dynamic,30,60,823,823,0,exact_frozen_v3a_representative_scenario,216,0,0.0,v6c_anchor_critical_tail_fast_turbo_4,892.4951216046219,40.53113753403667,634.7883193955255,241.17523402221985,15.70833333333333,2.0,892.4951216046219,40.53113753403667,212.1154640988809,39.87166299207953,350854.97646773304,28654.97646773304,232.0097928004123,43.15491503357963,912.3894503061532,43.8143895755368,680.379657505741,0.6594745419571382,25.428811427243176,98.49484484812868,26197.87535185844,0.0,0.0,13.720580892403982,0.8232348535442389,0.0969241194431033
gross_energy_guard,gross_energy_guard_pct,5.0,archive_reselection,representative,rep_Google2011v2_trace_dynamic_n060_823,rep_Google2011v2_trace_dynamic_n060_823,Google2011v2,trace_dynamic,30,60,823,823,0,exact_frozen_v3a_representative_scenario,216,0,0.0,v6c_anchor_critical_tail_fast_turbo_4,892.4951216046219,40.53113753403667,634.7883193955255,241.17523402221985,15.70833333333333,2.0,892.4951216046219,40.53113753403667,212.1154640988809,39.87166299207953,350854.97646773304,28654.97646773304,232.0097928004123,43.15491503357963,912.3894503061532,43.8143895755368,680.379657505741,0.6594745419571382,25.428811427243176,98.49484484812868,26197.87535185844,0.0,0.0,13.720580892403982,0.8232348535442389,0.0969241194431033
gross_energy_guard,gross_energy_guard_pct,8.0,archive_reselection,representative,rep_Google2011v2_trace_dynamic_n060_823,rep_Google2011v2_trace_dynamic_n060_823,Google2011v2,trace_dynamic,30,60,823,823,0,exact_frozen_v3a_representative_scenario,216,0,0.0,v6c_anchor_critical_tail_fast_turbo_4,892.4951216046219,40.53113753403667,634.7883193955255,241.17523402221985,15.70833333333333,2.0,892.4951216046219,40.53113753403667,212.1154640988809,39.87166299207953,350854.97646773304,28654.97646773304,232.0097928004123,43.15491503357963,912.3894503061532,43.8143895755368,680.379657505741,0.6594745419571382,25.428811427243176,98.49484484812868,26197.87535185844,0.0,0.0,13.720580892403982,0.8232348535442389,0.0969241194431033
legacy_guard,legacy_guard_pct,2.0,archive_reselection,representative,rep_Google2011v2_trace_dynamic_n060_823,rep_Google2011v2_trace_dynamic_n060_823,Google2011v2,trace_dynamic,30,60,823,823,0,exact_frozen_v3a_representative_scenario,216,0,0.0,v6c_anchor_critical_tail_fast_turbo_4,892.4951216046219,40.53113753403667,634.7883193955255,241.17523402221985,15.70833333333333,2.0,892.4951216046219,40.53113753403667,212.1154640988809,39.87166299207953,350854.97646773304,28654.97646773304,232.0097928004123,43.15491503357963,912.3894503061532,43.8143895755368,680.379657505741,0.6594745419571382,25.428811427243176,98.49484484812868,26197.87535185844,0.0,0.0,13.720580892403982,0.8232348535442389,0.0969241194431033
legacy_guard,legacy_guard_pct,5.0,archive_reselection,representative,rep_Google2011v2_trace_dynamic_n060_823,rep_Google2011v2_trace_dynamic_n060_823,Google2011v2,trace_dynamic,30,60,823,823,0,exact_frozen_v3a_representative_scenario,216,0,0.0,v6c_anchor_critical_tail_fast_turbo_4,892.4951216046219,40.53113753403667,634.7883193955255,241.17523402221985,15.70833333333333,2.0,892.4951216046219,40.53113753403667,212.1154640988809,39.87166299207953,350854.97646773304,28654.97646773304,232.0097928004123,43.15491503357963,912.3894503061532,43.8143895755368,680.379657505741,0.6594745419571382,25.428811427243176,98.49484484812868,26197.87535185844,0.0,0.0,13.720580892403982,0.8232348535442389,0.0969241194431033
legacy_guard,legacy_guard_pct,8.0,archive_reselection,representative,rep_Google2011v2_trace_dynamic_n060_823,rep_Google2011v2_trace_dynamic_n060_823,Google2011v2,trace_dynamic,30,60,823,823,0,exact_frozen_v3a_representative_scenario,216,0,0.0,v6c_anchor_critical_tail_fast_turbo_4,892.4951216046219,40.53113753403667,634.7883193955255,241.17523402221985,15.70833333333333,2.0,892.4951216046219,40.53113753403667,212.1154640988809,39.87166299207953,350854.97646773304,28654.97646773304,232.0097928004123,43.15491503357963,912.3894503061532,43.8143895755368,680.379657505741,0.6594745419571382,25.428811427243176,98.49484484812868,26197.87535185844,0.0,0.0,13.720580892403982,0.8232348535442389,0.0969241194431033
migration_energy_threshold,migration_energy_fraction_limit_pct,0.0,archive_reselection,representative,rep_Google2011v2_trace_dynamic_n060_823,rep_Google2011v2_trace_dynamic_n060_823,Google2011v2,trace_dynamic,30,60,823,823,0,exact_frozen_v3a_representative_scenario,216,0,0.0,v6c_anchor_critical_tail_fast_turbo_1,891.4401014357704,40.59831592556469,633.1565113853098,241.75202186358382,15.70833333333333,2.0,891.4401014357704,40.59831592556469,212.64531670554268,39.960160738438184,350854.97646773304,28654.97646773304,232.0097928004123,43.15491503357963,910.8045775306399,43.793070220706156,678.7947847302278,0.6381551871265074,25.47305959193067,98.54279413635449,26263.316184299183,0.0,0.0,13.720580892403982,0.8232348535442389,0.09692411944310333
migration_energy_threshold,migration_energy_fraction_limit_pct,0.5,archive_reselection,representative,rep_Google2011v2_trace_dynamic_n060_823,rep_Google2011v2_trace_dynamic_n060_823,Google2011v2,trace_dynamic,30,60,823,823,0,exact_frozen_v3a_representative_scenario,216,0,0.0,v6c_anchor_critical_tail_fast_turbo_4,892.4951216046219,40.53113753403667,634.7883193955255,241.17523402221985,15.70833333333333,2.0,892.4951216046219,40.53113753403667,212.1154640988809,39.87166299207953,350854.97646773304,28654.97646773304,232.0097928004123,43.15491503357963,912.3894503061532,43.8143895755368,680.379657505741,0.6594745419571382,25.428811427243176,98.49484484812868,26197.87535185844,0.0,0.0,13.720580892403982,0.8232348535442389,0.0969241194431033
migration_energy_threshold,migration_energy_fraction_limit_pct,1.0,archive_reselection,representative,rep_Google2011v2_trace_dynamic_n060_823,rep_Google2011v2_trace_dynamic_n060_823,Google2011v2,trace_dynamic,30,60,823,823,0,exact_frozen_v3a_representative_scenario,216,0,0.0,v6c_anchor_critical_tail_fast_turbo_4,892.4951216046219,40.53113753403667,634.7883193955255,241.17523402221985,15.70833333333333,2.0,892.4951216046219,40.53113753403667,212.1154640988809,39.87166299207953,350854.97646773304,28654.97646773304,232.0097928004123,43.15491503357963,912.3894503061532,43.8143895755368,680.379657505741,0.6594745419571382,25.428811427243176,98.49484484812868,26197.87535185844,0.0,0.0,13.720580892403982,0.8232348535442389,0.0969241194431033
migration_energy_threshold,migration_energy_fraction_limit_pct,2.0,archive_reselection,representative,rep_Google2011v2_trace_dynamic_n060_823,rep_Google2011v2_trace_dynamic_n060_823,Google2011v2,trace_dynamic,30,60,823,823,0,exact_frozen_v3a_representative_scenario,216,0,0.0,v6c_anchor_critical_tail_fast_turbo_4,892.4951216046219,40.53113753403667,634.7883193955255,241.17523402221985,15.70833333333333,2.0,892.4951216046219,40.53113753403667,212.1154640988809,39.87166299207953,350854.97646773304,28654.97646773304,232.0097928004123,43.15491503357963,912.3894503061532,43.8143895755368,680.379657505741,0.6594745419571382,25.428811427243176,98.49484484812868,26197.87535185844,0.0,0.0,13.720580892403982,0.8232348535442389,0.0969241194431033
evaluation_budget,budget_factor,0.6,,representative,rep_Google2011v2_flexible_dynamic_n060_823,rep_Google2011v2_flexible_dynamic_n060_823,Google2011v2,flexible_dynamic,30,60,823,823,0,exact_frozen_v3a_representative_scenario,216,130,7.504778246002388,legacy_anchor_critical_tail_fast_turbo_4,869.4763775831983,40.487158948081095,615.2474245848613,244.30294036701568,9.102777777777776,4.0,869.4763775831983,40.487158948081095,212.1154640988809,39.87166299207953,354645.66116134095,32445.661161340948,262.7017032029912,48.26808757266827,920.0626166873083,48.883583528669824,657.3609134843174,0.6154959560015669,28.552589621437992,98.74089436254081,26197.87535185844,0.0,0.0,13.720580892403982,0.8232348535442389,0.09692411944310333
evaluation_budget,budget_factor,0.8,,representative,rep_Google2011v2_flexible_dynamic_n060_823,rep_Google2011v2_flexible_dynamic_n060_823,Google2011v2,flexible_dynamic,30,60,823,823,0,exact_frozen_v3a_representative_scenario,216,173,6.794346627997584,legacy_anchor_critical_tail_fast_turbo_4,869.4763775831983,40.487158948081095,615.2474245848613,244.30294036701568,9.102777777777776,4.0,869.4763775831983,40.487158948081095,212.1154640988809,39.87166299207953,354645.66116134095,32445.661161340948,262.7017032029912,48.26808757266827,920.0626166873083,48.883583528669824,657.3609134843174,0.6154959560015669,28.552589621437992,98.74089436254081,26197.87535185844,0.0,0.0,13.720580892403982,0.8232348535442389,0.09692411944310333
evaluation_budget,budget_factor,1.0,,representative,rep_Google2011v2_flexible_dynamic_n060_823,rep_Google2011v2_flexible_dynamic_n060_823,Google2011v2,flexible_dynamic,30,60,823,823,0,exact_frozen_v3a_representative_scenario,216,216,9.068864404000124,legacy_anchor_critical_tail_fast_turbo_4,869.4763775831983,40.487158948081095,615.2474245848613,244.30294036701568,9.102777777777776,4.0,869.4763775831983,40.487158948081095,212.1154640988809,39.87166299207953,354645.66116134095,32445.661161340948,262.7017032029912,48.26808757266827,920.0626166873083,48.883583528669824,657.3609134843174,0.6154959560015669,28.552589621437992,98.74089436254081,26197.87535185844,0.0,0.0,13.720580892403982,0.8232348535442389,0.09692411944310333
evaluation_budget,budget_factor,1.2,,representative,rep_Google2011v2_flexible_dynamic_n060_823,rep_Google2011v2_flexible_dynamic_n060_823,Google2011v2,flexible_dynamic,30,60,823,823,0,exact_frozen_v3a_representative_scenario,216,259,11.056910724000772,legacy_anchor_critical_tail_fast_turbo_4,869.4763775831983,40.487158948081095,615.2474245848613,244.30294036701568,9.102777777777776,4.0,869.4763775831983,40.487158948081095,212.1154640988809,39.87166299207953,354645.66116134095,32445.661161340948,262.7017032029912,48.26808757266827,920.0626166873083,48.883583528669824,657.3609134843174,0.6154959560015669,28.552589621437992,98.74089436254081,26197.87535185844,0.0,0.0,13.720580892403982,0.8232348535442389,0.09692411944310333
critical_tail_size,tail_size,1,,representative,rep_Google2011v2_flexible_dynamic_n060_823,rep_Google2011v2_flexible_dynamic_n060_823,Google2011v2,flexible_dynamic,30,60,823,823,0,exact_frozen_v3a_representative_scenario,216,216,8.752790112994262,uniform_pool_Google2011v2_node_027_turbo,849.0400310817827,40.716304353166194,594.4713472874012,243.11211560750482,10.633333333333331,1.0,849.0400310817827,40.716304353166194,213.61137670875124,40.12151529639688,354645.66116134095,32445.661161340948,262.7017032029912,48.26808757266827,898.1303575760223,48.862876629437565,635.4286543730315,0.594789056769315,29.249841182520633,98.78273835312643,26382.631952501135,0.0,0.0,13.720580892403982,0.8232348535442389,0.09692411944310333
critical_tail_size,tail_size,2,,representative,rep_Google2011v2_flexible_dynamic_n060_823,rep_Google2011v2_flexible_dynamic_n060_823,Google2011v2,flexible_dynamic,30,60,823,823,0,exact_frozen_v3a_representative_scenario,216,216,8.979045911000867,parameterized_legacy_anchor_critical_tail_fast_turbo_2,880.1458881211664,40.72223237994788,624.7872462545712,245.43262923527408,9.102777777777776,4.0,880.1458881211664,40.72223237994788,213.46710499409687,40.09741855430356,354645.66116134095,32445.661161340948,262.7017032029912,48.26808757266827,929.3804863300604,48.89290139831259,666.6787831270696,0.6248138256443241,28.26632440286628,98.7220766046298,26364.81329692423,0.0,0.0,13.720580892403982,0.8232348535442389,0.09692411944310333
critical_tail_size,tail_size,4,,representative,rep_Google2011v2_flexible_dynamic_n060_823,rep_Google2011v2_flexible_dynamic_n060_823,Google2011v2,flexible_dynamic,30,60,823,823,0,exact_frozen_v3a_representative_scenario,216,216,10.2756667499998,parameterized_legacy_anchor_critical_tail_fast_turbo_4,869.4763775831983,40.487158948081095,615.2474245848613,244.30294036701568,9.102777777777776,4.0,869.4763775831983,40.487158948081095,212.1154640988809,39.87166299207953,354645.66116134095,32445.661161340948,262.7017032029912,48.26808757266827,920.0626166873083,48.883583528669824,657.3609134843174,0.6154959560015669,28.552589621437992,98.74089436254081,26197.87535185844,0.0,0.0,13.720580892403982,0.8232348535442389,0.09692411944310333
critical_tail_size,tail_size,8,,representative,rep_Google2011v2_flexible_dynamic_n060_823,rep_Google2011v2_flexible_dynamic_n060_823,Google2011v2,flexible_dynamic,30,60,823,823,0,exact_frozen_v3a_representative_scenario,216,216,7.960455391999858,uniform_pool_Google2011v2_node_027_turbo,849.0400310817827,40.716304353166194,594.4713472874012,243.11211560750482,10.633333333333331,1.0,849.0400310817827,40.716304353166194,213.61137670875124,40.12151529639688,354645.66116134095,32445.661161340948,262.7017032029912,48.26808757266827,898.1303575760223,48.862876629437565,635.4286543730315,0.594789056769315,29.249841182520633,98.78273835312643,26382.631952501135,0.0,0.0,13.720580892403982,0.8232348535442389,0.09692411944310333
carbon_shift_cap,maximum_shift_fraction,0.0,,representative,rep_Google2011v2_flexible_dynamic_n060_823,rep_Google2011v2_flexible_dynamic_n060_823,Google2011v2,flexible_dynamic,30,60,823,823,0,exact_frozen_v3a_representative_scenario,216,216,9.845777508999163,legacy_anchor_critical_tail_fast_turbo_4__shift_cap,869.4763775831983,40.487158948081095,615.2474245848613,244.30294036701568,9.102777777777776,4.0,869.4763775831983,40.487158948081095,212.1154640988809,39.87166299207953,354645.66116134095,32445.661161340948,262.7017032029912,48.26808757266827,920.0626166873083,48.883583528669824,657.3609134843174,0.6154959560015669,28.552589621437992,98.74089436254081,26197.87535185844,0.0,0.0,13.720580892403982,0.8232348535442389,0.09692411944310333
carbon_shift_cap,maximum_shift_fraction,0.25,,representative,rep_Google2011v2_flexible_dynamic_n060_823,rep_Google2011v2_flexible_dynamic_n060_823,Google2011v2,flexible_dynamic,30,60,823,823,0,exact_frozen_v3a_representative_scenario,216,216,10.200784992994159,legacy_anchor_critical_tail_fast_turbo_4__shift_cap,869.4763775831983,40.487158948081095,615.2474245848613,244.30294036701568,9.102777777777776,4.0,869.4763775831983,40.487158948081095,212.1154640988809,39.87166299207953,354645.66116134095,32445.661161340948,262.7017032029912,48.26808757266827,920.0626166873083,48.883583528669824,657.3609134843174,0.6154959560015669,28.552589621437992,98.74089436254081,26197.87535185844,0.0,0.0,13.720580892403982,0.8232348535442389,0.09692411944310333
carbon_shift_cap,maximum_shift_fraction,0.5,,representative,rep_Google2011v2_flexible_dynamic_n060_823,rep_Google2011v2_flexible_dynamic_n060_823,Google2011v2,flexible_dynamic,30,60,823,823,0,exact_frozen_v3a_representative_scenario,216,216,8.007187563998741,legacy_anchor_critical_tail_fast_turbo_4__shift_cap,869.4763775831983,40.487158948081095,615.2474245848613,244.30294036701568,9.102777777777776,4.0,869.4763775831983,40.487158948081095,212.1154640988809,39.87166299207953,354645.66116134095,32445.661161340948,262.7017032029912,48.26808757266827,920.0626166873083,48.883583528669824,657.3609134843174,0.6154959560015669,28.552589621437992,98.74089436254081,26197.87535185844,0.0,0.0,13.720580892403982,0.8232348535442389,0.09692411944310333
carbon_shift_cap,maximum_shift_fraction,1.0,,representative,rep_Google2011v2_flexible_dynamic_n060_823,rep_Google2011v2_flexible_dynamic_n060_823,Google2011v2,flexible_dynamic,30,60,823,823,0,exact_frozen_v3a_representative_scenario,216,216,9.068864404000124,legacy_anchor_critical_tail_fast_turbo_4,869.4763775831983,40.487158948081095,615.2474245848613,244.30294036701568,9.102777777777776,4.0,869.4763775831983,40.487158948081095,212.1154640988809,39.87166299207953,354645.66116134095,32445.661161340948,262.7017032029912,48.26808757266827,920.0626166873083,48.883583528669824,657.3609134843174,0.6154959560015669,28.552589621437992,98.74089436254081,26197.87535185844,0.0,0.0,13.720580892403982,0.8232348535442389,0.09692411944310333
dvfs_policy,dvfs_policy,balanced_only,,representative,rep_Google2011v2_flexible_dynamic_n060_823,rep_Google2011v2_flexible_dynamic_n060_823,Google2011v2,flexible_dynamic,30,60,823,823,0,exact_frozen_v3a_representative_scenario,216,216,8.198093067003356,uniform_pool_Google2011v2_node_027_eco_low__no_dvfs,760.3584538530413,40.9280571258232,507.8657674067833,241.03611825938134,10.633333333333331,1.0,760.3584538530413,40.9280571258232,215.27350183082942,40.39912896786062,354645.66116134095,32445.661161340948,262.7017032029912,48.26808757266827,807.7866552252028,48.79701573063085,545.0849520222118,0.5289281579625822,32.52117393914518,98.91606453787593,26587.91706432635,0.0,0.0,13.720580892403982,0.8232348535442389,0.09692411944310333
dvfs_policy,dvfs_policy,eco_balanced,,representative,rep_Google2011v2_flexible_dynamic_n060_823,rep_Google2011v2_flexible_dynamic_n060_823,Google2011v2,flexible_dynamic,30,60,823,823,0,exact_frozen_v3a_representative_scenario,216,216,7.054145936999703,uniform_pool_Google2011v2_node_027_balanced__eco_balanced_dvfs,760.3584538530413,40.9280571258232,507.8657674067833,241.03611825938134,10.633333333333331,1.0,760.3584538530413,40.9280571258232,215.27350183082942,40.39912896786062,354645.66116134095,32445.661161340948,262.7017032029912,48.26808757266827,807.7866552252028,48.79701573063085,545.0849520222118,0.5289281579625822,32.52117393914518,98.91606453787593,26587.91706432635,0.0,0.0,13.720580892403982,0.8232348535442389,0.09692411944310333
dvfs_policy,dvfs_policy,full_5state,,representative,rep_Google2011v2_flexible_dynamic_n060_823,rep_Google2011v2_flexible_dynamic_n060_823,Google2011v2,flexible_dynamic,30,60,823,823,0,exact_frozen_v3a_representative_scenario,216,216,9.068864404000124,legacy_anchor_critical_tail_fast_turbo_4,869.4763775831983,40.487158948081095,615.2474245848613,244.30294036701568,9.102777777777776,4.0,869.4763775831983,40.487158948081095,212.1154640988809,39.87166299207953,354645.66116134095,32445.661161340948,262.7017032029912,48.26808757266827,920.0626166873083,48.883583528669824,657.3609134843174,0.6154959560015669,28.552589621437992,98.74089436254081,26197.87535185844,0.0,0.0,13.720580892403982,0.8232348535442389,0.09692411944310333
active_pool_size,pool_size,1,energy,representative,rep_Google2011v2_flexible_dynamic_n060_823,rep_Google2011v2_flexible_dynamic_n060_823,Google2011v2,flexible_dynamic,30,60,823,823,0,exact_frozen_v3a_representative_scenario,216,1,0.0753939200003515,fixed_pool_energy_k1,1100.37472250005,238.95281336727876,717.5723695389743,344.8528456551415,37.23611111111111,6.0,1100.37472250005,238.95281336727876,224.56682197087707,41.933741794484234,354645.66116134095,32445.661161340948,262.7017032029912,48.26808757266827,1138.509603732164,245.28715914546277,875.8079005291729,197.01907157279453,23.074175425646402,19.6781958504578,27735.712882364343,0.0,0.0,11.88993658039061,0.7133961948234365,0.1568563266912737
active_pool_size,pool_size,1,carbon,representative,rep_Google2011v2_flexible_dynamic_n060_823,rep_Google2011v2_flexible_dynamic_n060_823,Google2011v2,flexible_dynamic,30,60,823,823,0,exact_frozen_v3a_representative_scenario,216,1,0.07572748199891066,fixed_pool_carbon_k1,1123.8526343299875,109.57992835118596,740.1724175390079,345.6786191328362,37.28472222222222,6.0,1123.8526343299875,109.57992835118596,224.56485215206274,41.93341860498409,354645.66116134095,32445.661161340948,262.7017032029912,48.26808757266827,1161.9894853809158,115.9145973188701,899.2877821779248,67.64650974620187,22.607924297772286,41.64107773233023,27735.46959473804,0.0,0.0,11.94792393201712,0.7168754359210272,0.0830546878695228
active_pool_size,pool_size,1,hybrid,representative,rep_Google2011v2_flexible_dynamic_n060_823,rep_Google2011v2_flexible_dynamic_n060_823,Google2011v2,flexible_dynamic,30,60,823,823,0,exact_frozen_v3a_representative_scenario,216,1,0.07798036000167485,fixed_pool_hybrid_k1,1100.37472250005,238.95281336727876,717.5723695389743,344.8528456551415,37.23611111111111,6.0,1100.37472250005,238.95281336727876,224.56682197087707,41.933741794484234,354645.66116134095,32445.661161340948,262.7017032029912,48.26808757266827,1138.509603732164,245.28715914546277,875.8079005291729,197.01907157279453,23.074175425646402,19.6781958504578,27735.712882364343,0.0,0.0,11.88993658039061,0.7133961948234365,0.1568563266912737
active_pool_size,pool_size,1,speed,representative,rep_Google2011v2_flexible_dynamic_n060_823,rep_Google2011v2_flexible_dynamic_n060_823,Google2011v2,flexible_dynamic,30,60,823,823,0,exact_frozen_v3a_representative_scenario,216,1,0.08707665199472103,fixed_pool_speed_k1,1006.5076332415996,263.2708167008161,694.061400157591,272.39239691232757,39.2,1.0,1006.5076332415996,263.2708167008161,212.4519952332722,39.92787154253055,354645.66116134095,32445.661161340948,262.7017032029912,48.26808757266827,1056.7573412113181,271.6110327309538,794.0556380083274,223.34294515828554,24.85922670779527,17.771033483930882,26239.439510078868,0.0,0.0,14.230602861341989,0.8538361716805192,0.1918192835158331
active_pool_size,pool_size,2,energy,representative,rep_Google2011v2_flexible_dynamic_n060_823,rep_Google2011v2_flexible_dynamic_n060_823,Google2011v2,flexible_dynamic,30,60,823,823,0,exact_frozen_v3a_representative_scenario,216,1,0.07473162899987074,fixed_pool_energy_k2,790.8451752561251,205.0979501846939,547.0282287331646,240.04644368461499,2.916666666666667,2.0,790.8451752561251,205.0979501846939,219.6953076044984,41.13446914995315,354645.66116134095,32445.661161340948,262.7017032029912,48.26808757266827,833.8515708546176,212.231568607409,571.1498676516267,163.96348103474077,31.50461213783494,22.743123414385035,27134.04375518707,0.0,0.0,14.230602861341989,0.8538361716805192,0.1918192835158331
active_pool_size,pool_size,2,carbon,representative,rep_Google2011v2_flexible_dynamic_n060_823,rep_Google2011v2_flexible_dynamic_n060_823,Google2011v2,flexible_dynamic,30,60,823,823,0,exact_frozen_v3a_representative_scenario,216,1,0.13049911800044356,fixed_pool_carbon_k2,809.1838904873492,41.31568326812176,564.7754134602175,240.5644088402555,3.020833333333333,2.0,809.1838904873492,41.31568326812176,217.2963682853117,40.736994857648455,354645.66116134095,32445.661161340948,262.7017032029912,48.26808757266827,854.5892254050284,48.84677598314157,591.8875222020375,0.5786884104733048,30.740114126583446,98.81529865825122,26837.75647821877,0.0,0.0,13.720580892403982,0.8232348535442389,0.09692411944310333
active_pool_size,pool_size,2,hybrid,representative,rep_Google2011v2_flexible_dynamic_n060_823,rep_Google2011v2_flexible_dynamic_n060_823,Google2011v2,flexible_dynamic,30,60,823,823,0,exact_frozen_v3a_representative_scenario,216,1,0.12726818899682257,fixed_pool_hybrid_k2,800.7555584714572,109.84088340482653,556.6877374639768,240.2943752408161,2.9722222222222223,2.0,800.7555584714572,109.84088340482653,217.2963682853117,40.736994857648455,354645.66116134095,32445.661161340948,262.7017032029912,48.26808757266827,846.1608933891364,117.37197611984634,583.4591901861455,69.10388854717807,31.04630635325033,41.12403076811336,26837.75647821877,0.0,0.0,13.353725740714928,0.8012235444428957,0.11700665134778485
active_pool_size,pool_size,2,speed,representative,rep_Google2011v2_flexible_dynamic_n060_823,rep_Google2011v2_flexible_dynamic_n060_823,Google2011v2,flexible_dynamic,30,60,823,823,0,exact_frozen_v3a_representative_scenario,216,1,0.13229866299661808,fixed_pool_speed_k2,1021.7213711244872,169.48635738177154,705.6701539694945,275.23020416248863,39.9,1.0,1021.7213711244872,169.48635738177154,212.45015758026307,39.92756461160701,354645.66116134095,32445.661161340948,262.7017032029912,48.26808757266827,1071.9729167472149,177.8268803428328,809.2712135442241,129.55879277016453,24.506375030456077,27.14330222720667,26239.212545936112,0.0,0.0,15.350216541720926,0.9210129925032554,0.16102394432057304
active_pool_size,pool_size,4,energy,representative,rep_Google2011v2_flexible_dynamic_n060_823,rep_Google2011v2_flexible_dynamic_n060_823,Google2011v2,flexible_dynamic,30,60,823,823,0,exact_frozen_v3a_representative_scenario,216,1,0.12603445400600322,fixed_pool_energy_k4,816.8719691582961,170.14354089312943,573.1753164349344,239.60413958885903,3.1388888888888884,2.0,816.8719691582961,170.14354089312943,217.29704291075905,40.73710753583662,354645.66116134095,32445.661161340948,262.7017032029912,48.26808757266827,862.276629450528,177.67452092996106,599.5749262475371,129.4064333572928,30.466058597737206,27.166578145267916,26837.839799599664,0.0,0.0,15.893737426914441,0.9536242456148664,0.17941042785607786
active_pool_size,pool_size,4,carbon,representative,rep_Google2011v2_flexible_dynamic_n060_823,rep_Google2011v2_flexible_dynamic_n060_823,Google2011v2,flexible_dynamic,30,60,823,823,0,exact_frozen_v3a_representative_scenario,216,1,0.14359824400162324,fixed_pool_carbon_k4,923.0515430844691,41.38662735779924,647.641696830499,262.5435558448715,12.043055555555553,2.0,923.0515430844691,41.38662735779924,217.2963682853117,40.736994857648455,354645.66116134095,32445.661161340948,262.7017032029912,48.26808757266827,968.4568780021483,48.91772007281905,705.7551747991574,0.649632500150787,27.125802828198662,98.67198941572966,26837.75647821877,0.0,0.0,13.720580892403982,0.8232348535442389,0.09692411944310333
active_pool_size,pool_size,4,hybrid,representative,rep_Google2011v2_flexible_dynamic_n060_823,rep_Google2011v2_flexible_dynamic_n060_823,Google2011v2,flexible_dynamic,30,60,823,823,0,exact_frozen_v3a_representative_scenario,216,1,0.1284516329978942,fixed_pool_hybrid_k4,1165.7554836365296,41.55155555729435,824.3861680708598,298.33496960102093,42.21111111111111,2.0,1165.7554836365296,41.55155555729435,217.2963682853117,40.736994857648455,354645.66116134095,32445.661161340948,262.7017032029912,48.26808757266827,1211.1608185542088,49.08264827231416,948.4591153512179,0.8145606996458952,21.690076097126756,98.3404304202849,26837.75647821877,0.0,0.0,13.720580892403982,0.8232348535442389,0.09692411944310333
active_pool_size,pool_size,4,speed,representative,rep_Google2011v2_flexible_dynamic_n060_823,rep_Google2011v2_flexible_dynamic_n060_823,Google2011v2,flexible_dynamic,30,60,823,823,0,exact_frozen_v3a_representative_scenario,216,1,0.14695612699870253,fixed_pool_speed_k4,1035.8098060474013,40.68655891502246,718.0560851972014,276.33048599665716,40.599999999999994,1.0,1035.8098060474013,40.68655891502246,212.4494829548157,39.92745193341882,354645.66116134095,32445.661161340948,262.7017032029912,48.26808757266827,1086.0620262955763,49.02719455427189,823.3603230925855,0.7591069816036367,24.188462246399897,98.45166139220285,26239.129224555218,0.0,0.0,13.720580892403982,0.8232348535442389,0.09692411944310333
active_pool_size,pool_size,6,energy,representative,rep_Google2011v2_flexible_dynamic_n060_823,rep_Google2011v2_flexible_dynamic_n060_823,Google2011v2,flexible_dynamic,30,60,823,823,0,exact_frozen_v3a_representative_scenario,216,1,0.13564967700222041,fixed_pool_energy_k6,831.753778657371,87.644173438675,586.7876920314583,240.7548631809906,3.3923611111111103,3.0,831.753778657371,87.644173438675,217.2963682853117,40.736994857648455,354645.66116134095,32445.661161340948,262.7017032029912,48.26808757266827,877.1591135750501,95.1752661536948,614.4574103720593,46.90717858102654,29.949150517549096,50.71494887623643,26837.75647821877,0.0,0.0,13.647705563531282,0.818862333811877,0.11111351381810304
active_pool_size,pool_size,6,carbon,representative,rep_Google2011v2_flexible_dynamic_n060_823,rep_Google2011v2_flexible_dynamic_n060_823,Google2011v2,flexible_dynamic,30,60,823,823,0,exact_frozen_v3a_representative_scenario,216,1,0.13997254700370831,fixed_pool_carbon_k6,1012.7868207076165,40.863152039056914,708.620979507947,277.4842730127912,25.85833333333333,2.0,1012.7868207076165,40.863152039056914,214.60365421281392,40.287248788631985,354645.66116134095,32445.661161340948,262.7017032029912,48.26808757266827,1060.8848696977934,48.843990823093186,798.1831664948025,0.5759032504249291,24.762508233134206,98.82093325971098,26505.185781739012,0.0,0.0,13.720580892403982,0.8232348535442389,0.09692411944310333
active_pool_size,pool_size,6,hybrid,representative,rep_Google2011v2_flexible_dynamic_n060_823,rep_Google2011v2_flexible_dynamic_n060_823,Google2011v2,flexible_dynamic,30,60,823,823,0,exact_frozen_v3a_representative_scenario,216,1,0.1395549739972921,fixed_pool_hybrid_k6,1146.0914931756254,41.53825989344445,804.5867928642305,298.6717432356344,42.009722222222216,2.0,1146.0914931756254,41.53825989344445,217.2963682853117,40.736994857648455,354645.66116134095,32445.661161340948,262.7017032029912,48.26808757266827,1191.4968280933047,49.06935260846426,928.7951248903137,0.8012650357959927,22.048040499056984,98.36707640675543,26837.75647821877,0.0,0.0,13.720580892403982,0.8232348535442389,0.09692411944310333
active_pool_size,pool_size,6,speed,representative,rep_Google2011v2_flexible_dynamic_n060_823,rep_Google2011v2_flexible_dynamic_n060_823,Google2011v2,flexible_dynamic,30,60,823,823,0,exact_frozen_v3a_representative_scenario,216,1,0.16835727800207678,fixed_pool_speed_k6,1035.8098060474013,40.68655891502246,718.0560851972014,276.33048599665716,40.599999999999994,1.0,1035.8098060474013,40.68655891502246,212.4494829548157,39.92745193341882,354645.66116134095,32445.661161340948,262.7017032029912,48.26808757266827,1086.0620262955763,49.02719455427189,823.3603230925855,0.7591069816036367,24.188462246399897,98.45166139220285,26239.129224555218,0.0,0.0,13.720580892403982,0.8232348535442389,0.09692411944310333
active_pool_size,pool_size,8,energy,representative,rep_Google2011v2_flexible_dynamic_n060_823,rep_Google2011v2_flexible_dynamic_n060_823,Google2011v2,flexible_dynamic,30,60,823,823,0,exact_frozen_v3a_representative_scenario,216,1,0.15700046299753012,fixed_pool_energy_k8,895.9563596394705,41.35568739425666,630.6359825979274,260.26797552133337,4.229166666666666,3.0,895.9563596394705,41.35568739425666,217.2963682853117,40.736994857648455,354645.66116134095,32445.661161340948,262.7017032029912,48.26808757266827,941.3616945571497,48.88678010927647,678.6599913541588,0.6186925366082079,27.906563940502753,98.73443794983994,26837.75647821877,0.0,0.0,13.720580892403982,0.8232348535442389,0.09692411944310333
active_pool_size,pool_size,8,carbon,representative,rep_Google2011v2_flexible_dynamic_n060_823,rep_Google2011v2_flexible_dynamic_n060_823,Google2011v2,flexible_dynamic,30,60,823,823,0,exact_frozen_v3a_representative_scenario,216,1,0.14634278800076572,fixed_pool_carbon_k8,1012.7868207076165,40.863152039056914,708.620979507947,277.4842730127912,25.85833333333333,2.0,1012.7868207076165,40.863152039056914,214.60365421281392,40.287248788631985,354645.66116134095,32445.661161340948,262.7017032029912,48.26808757266827,1060.8848696977934,48.843990823093186,798.1831664948025,0.5759032504249291,24.762508233134206,98.82093325971098,26505.185781739012,0.0,0.0,13.720580892403982,0.8232348535442389,0.09692411944310333
active_pool_size,pool_size,8,hybrid,representative,rep_Google2011v2_flexible_dynamic_n060_823,rep_Google2011v2_flexible_dynamic_n060_823,Google2011v2,flexible_dynamic,30,60,823,823,0,exact_frozen_v3a_representative_scenario,216,1,0.14975771299941698,fixed_pool_hybrid_k8,1146.0914931756254,41.53825989344445,804.5867928642305,298.6717432356344,42.009722222222216,2.0,1146.0914931756254,41.53825989344445,217.2963682853117,40.736994857648455,354645.66116134095,32445.661161340948,262.7017032029912,48.26808757266827,1191.4968280933047,49.06935260846426,928.7951248903137,0.8012650357959927,22.048040499056984,98.36707640675543,26837.75647821877,0.0,0.0,13.720580892403982,0.8232348535442389,0.09692411944310333
active_pool_size,pool_size,8,speed,representative,rep_Google2011v2_flexible_dynamic_n060_823,rep_Google2011v2_flexible_dynamic_n060_823,Google2011v2,flexible_dynamic,30,60,823,823,0,exact_frozen_v3a_representative_scenario,216,1,0.1523204170007375,fixed_pool_speed_k8,1035.8098060474013,40.68655891502246,718.0560851972014,276.33048599665716,40.599999999999994,1.0,1035.8098060474013,40.68655891502246,212.4494829548157,39.92745193341882,354645.66116134095,32445.661161340948,262.7017032029912,48.26808757266827,1086.0620262955763,49.02719455427189,823.3603230925855,0.7591069816036367,24.188462246399897,98.45166139220285,26239.129224555218,0.0,0.0,13.720580892403982,0.8232348535442389,0.09692411944310333
makespan_guard,makespan_guard_pct,0.5,archive_reselection,representative,rep_Google2011v2_flexible_dynamic_n060_823,rep_Google2011v2_flexible_dynamic_n060_823,Google2011v2,flexible_dynamic,30,60,823,823,0,exact_frozen_v3a_representative_scenario,216,0,0.0,legacy_anchor_critical_tail_fast_turbo_4,869.4763775831983,40.487158948081095,615.2474245848613,244.30294036701568,9.102777777777776,4.0,869.4763775831983,40.487158948081095,212.1154640988809,39.87166299207953,354645.66116134095,32445.661161340948,262.7017032029912,48.26808757266827,920.0626166873084,48.883583528669824,657.3609134843174,0.6154959560015669,28.552589621437992,98.7408943625408,26197.87535185844,0.0,0.0,13.720580892403982,0.8232348535442389,0.0969241194431033
makespan_guard,makespan_guard_pct,1.0,archive_reselection,representative,rep_Google2011v2_flexible_dynamic_n060_823,rep_Google2011v2_flexible_dynamic_n060_823,Google2011v2,flexible_dynamic,30,60,823,823,0,exact_frozen_v3a_representative_scenario,216,0,0.0,legacy_anchor_critical_tail_fast_turbo_4,869.4763775831983,40.487158948081095,615.2474245848613,244.30294036701568,9.102777777777776,4.0,869.4763775831983,40.487158948081095,212.1154640988809,39.87166299207953,354645.66116134095,32445.661161340948,262.7017032029912,48.26808757266827,920.0626166873084,48.883583528669824,657.3609134843174,0.6154959560015669,28.552589621437992,98.7408943625408,26197.87535185844,0.0,0.0,13.720580892403982,0.8232348535442389,0.0969241194431033
makespan_guard,makespan_guard_pct,2.0,archive_reselection,representative,rep_Google2011v2_flexible_dynamic_n060_823,rep_Google2011v2_flexible_dynamic_n060_823,Google2011v2,flexible_dynamic,30,60,823,823,0,exact_frozen_v3a_representative_scenario,216,0,0.0,legacy_anchor_critical_tail_fast_turbo_4,869.4763775831983,40.487158948081095,615.2474245848613,244.30294036701568,9.102777777777776,4.0,869.4763775831983,40.487158948081095,212.1154640988809,39.87166299207953,354645.66116134095,32445.661161340948,262.7017032029912,48.26808757266827,920.0626166873084,48.883583528669824,657.3609134843174,0.6154959560015669,28.552589621437992,98.7408943625408,26197.87535185844,0.0,0.0,13.720580892403982,0.8232348535442389,0.0969241194431033
controllable_energy_guard,controllable_energy_guard_pct,5.0,archive_reselection,representative,rep_Google2011v2_flexible_dynamic_n060_823,rep_Google2011v2_flexible_dynamic_n060_823,Google2011v2,flexible_dynamic,30,60,823,823,0,exact_frozen_v3a_representative_scenario,216,0,0.0,legacy_anchor_critical_tail_fast_turbo_4,869.4763775831983,40.487158948081095,615.2474245848613,244.30294036701568,9.102777777777776,4.0,869.4763775831983,40.487158948081095,212.1154640988809,39.87166299207953,354645.66116134095,32445.661161340948,262.7017032029912,48.26808757266827,920.0626166873084,48.883583528669824,657.3609134843174,0.6154959560015669,28.552589621437992,98.7408943625408,26197.87535185844,0.0,0.0,13.720580892403982,0.8232348535442389,0.0969241194431033
controllable_energy_guard,controllable_energy_guard_pct,10.0,archive_reselection,representative,rep_Google2011v2_flexible_dynamic_n060_823,rep_Google2011v2_flexible_dynamic_n060_823,Google2011v2,flexible_dynamic,30,60,823,823,0,exact_frozen_v3a_representative_scenario,216,0,0.0,legacy_anchor_critical_tail_fast_turbo_4,869.4763775831983,40.487158948081095,615.2474245848613,244.30294036701568,9.102777777777776,4.0,869.4763775831983,40.487158948081095,212.1154640988809,39.87166299207953,354645.66116134095,32445.661161340948,262.7017032029912,48.26808757266827,920.0626166873084,48.883583528669824,657.3609134843174,0.6154959560015669,28.552589621437992,98.7408943625408,26197.87535185844,0.0,0.0,13.720580892403982,0.8232348535442389,0.0969241194431033
controllable_energy_guard,controllable_energy_guard_pct,15.0,archive_reselection,representative,rep_Google2011v2_flexible_dynamic_n060_823,rep_Google2011v2_flexible_dynamic_n060_823,Google2011v2,flexible_dynamic,30,60,823,823,0,exact_frozen_v3a_representative_scenario,216,0,0.0,legacy_anchor_critical_tail_fast_turbo_4,869.4763775831983,40.487158948081095,615.2474245848613,244.30294036701568,9.102777777777776,4.0,869.4763775831983,40.487158948081095,212.1154640988809,39.87166299207953,354645.66116134095,32445.661161340948,262.7017032029912,48.26808757266827,920.0626166873084,48.883583528669824,657.3609134843174,0.6154959560015669,28.552589621437992,98.7408943625408,26197.87535185844,0.0,0.0,13.720580892403982,0.8232348535442389,0.0969241194431033
gross_energy_guard,gross_energy_guard_pct,2.0,archive_reselection,representative,rep_Google2011v2_flexible_dynamic_n060_823,rep_Google2011v2_flexible_dynamic_n060_823,Google2011v2,flexible_dynamic,30,60,823,823,0,exact_frozen_v3a_representative_scenario,216,0,0.0,legacy_anchor_critical_tail_fast_turbo_4,869.4763775831983,40.487158948081095,615.2474245848613,244.30294036701568,9.102777777777776,4.0,869.4763775831983,40.487158948081095,212.1154640988809,39.87166299207953,354645.66116134095,32445.661161340948,262.7017032029912,48.26808757266827,920.0626166873084,48.883583528669824,657.3609134843174,0.6154959560015669,28.552589621437992,98.7408943625408,26197.87535185844,0.0,0.0,13.720580892403982,0.8232348535442389,0.0969241194431033
gross_energy_guard,gross_energy_guard_pct,5.0,archive_reselection,representative,rep_Google2011v2_flexible_dynamic_n060_823,rep_Google2011v2_flexible_dynamic_n060_823,Google2011v2,flexible_dynamic,30,60,823,823,0,exact_frozen_v3a_representative_scenario,216,0,0.0,legacy_anchor_critical_tail_fast_turbo_4,869.4763775831983,40.487158948081095,615.2474245848613,244.30294036701568,9.102777777777776,4.0,869.4763775831983,40.487158948081095,212.1154640988809,39.87166299207953,354645.66116134095,32445.661161340948,262.7017032029912,48.26808757266827,920.0626166873084,48.883583528669824,657.3609134843174,0.6154959560015669,28.552589621437992,98.7408943625408,26197.87535185844,0.0,0.0,13.720580892403982,0.8232348535442389,0.0969241194431033
gross_energy_guard,gross_energy_guard_pct,8.0,archive_reselection,representative,rep_Google2011v2_flexible_dynamic_n060_823,rep_Google2011v2_flexible_dynamic_n060_823,Google2011v2,flexible_dynamic,30,60,823,823,0,exact_frozen_v3a_representative_scenario,216,0,0.0,legacy_anchor_critical_tail_fast_turbo_4,869.4763775831983,40.487158948081095,615.2474245848613,244.30294036701568,9.102777777777776,4.0,869.4763775831983,40.487158948081095,212.1154640988809,39.87166299207953,354645.66116134095,32445.661161340948,262.7017032029912,48.26808757266827,920.0626166873084,48.883583528669824,657.3609134843174,0.6154959560015669,28.552589621437992,98.7408943625408,26197.87535185844,0.0,0.0,13.720580892403982,0.8232348535442389,0.0969241194431033
legacy_guard,legacy_guard_pct,2.0,archive_reselection,representative,rep_Google2011v2_flexible_dynamic_n060_823,rep_Google2011v2_flexible_dynamic_n060_823,Google2011v2,flexible_dynamic,30,60,823,823,0,exact_frozen_v3a_representative_scenario,216,0,0.0,uniform_pool_Google2011v2_node_027_turbo,849.0400310817827,40.716304353166194,594.4713472874012,243.1121156075048,10.633333333333333,1.0,849.0400310817827,40.716304353166194,213.61137670875124,40.12151529639688,354645.66116134095,32445.661161340948,262.7017032029912,48.26808757266827,898.1303575760223,48.862876629437565,635.4286543730315,0.594789056769315,29.249841182520637,98.78273835312643,26382.63195250113,0.0,0.0,13.720580892403982,0.8232348535442389,0.0969241194431033
legacy_guard,legacy_guard_pct,5.0,archive_reselection,representative,rep_Google2011v2_flexible_dynamic_n060_823,rep_Google2011v2_flexible_dynamic_n060_823,Google2011v2,flexible_dynamic,30,60,823,823,0,exact_frozen_v3a_representative_scenario,216,0,0.0,legacy_anchor_critical_tail_fast_turbo_4,869.4763775831983,40.487158948081095,615.2474245848613,244.30294036701568,9.102777777777776,4.0,869.4763775831983,40.487158948081095,212.1154640988809,39.87166299207953,354645.66116134095,32445.661161340948,262.7017032029912,48.26808757266827,920.0626166873084,48.883583528669824,657.3609134843174,0.6154959560015669,28.552589621437992,98.7408943625408,26197.87535185844,0.0,0.0,13.720580892403982,0.8232348535442389,0.0969241194431033
legacy_guard,legacy_guard_pct,8.0,archive_reselection,representative,rep_Google2011v2_flexible_dynamic_n060_823,rep_Google2011v2_flexible_dynamic_n060_823,Google2011v2,flexible_dynamic,30,60,823,823,0,exact_frozen_v3a_representative_scenario,216,0,0.0,legacy_anchor_critical_tail_fast_turbo_4,869.4763775831983,40.487158948081095,615.2474245848613,244.30294036701568,9.102777777777776,4.0,869.4763775831983,40.487158948081095,212.1154640988809,39.87166299207953,354645.66116134095,32445.661161340948,262.7017032029912,48.26808757266827,920.0626166873084,48.883583528669824,657.3609134843174,0.6154959560015669,28.552589621437992,98.7408943625408,26197.87535185844,0.0,0.0,13.720580892403982,0.8232348535442389,0.0969241194431033
migration_energy_threshold,migration_energy_fraction_limit_pct,0.0,archive_reselection,representative,rep_Google2011v2_flexible_dynamic_n060_823,rep_Google2011v2_flexible_dynamic_n060_823,Google2011v2,flexible_dynamic,30,60,823,823,0,exact_frozen_v3a_representative_scenario,216,0,0.0,legacy_anchor_critical_tail_fast_turbo_4,869.4763775831983,40.487158948081095,615.2474245848613,244.30294036701568,9.102777777777776,4.0,869.4763775831983,40.487158948081095,212.1154640988809,39.87166299207953,354645.66116134095,32445.661161340948,262.7017032029912,48.26808757266827,920.0626166873083,48.883583528669824,657.3609134843174,0.6154959560015669,28.552589621437992,98.74089436254081,26197.87535185844,0.0,0.0,13.720580892403982,0.8232348535442389,0.09692411944310333
migration_energy_threshold,migration_energy_fraction_limit_pct,0.5,archive_reselection,representative,rep_Google2011v2_flexible_dynamic_n060_823,rep_Google2011v2_flexible_dynamic_n060_823,Google2011v2,flexible_dynamic,30,60,823,823,0,exact_frozen_v3a_representative_scenario,216,0,0.0,legacy_anchor_critical_tail_fast_turbo_4,869.4763775831983,40.487158948081095,615.2474245848613,244.30294036701568,9.102777777777776,4.0,869.4763775831983,40.487158948081095,212.1154640988809,39.87166299207953,354645.66116134095,32445.661161340948,262.7017032029912,48.26808757266827,920.0626166873084,48.883583528669824,657.3609134843174,0.6154959560015669,28.552589621437992,98.7408943625408,26197.87535185844,0.0,0.0,13.720580892403982,0.8232348535442389,0.0969241194431033
migration_energy_threshold,migration_energy_fraction_limit_pct,1.0,archive_reselection,representative,rep_Google2011v2_flexible_dynamic_n060_823,rep_Google2011v2_flexible_dynamic_n060_823,Google2011v2,flexible_dynamic,30,60,823,823,0,exact_frozen_v3a_representative_scenario,216,0,0.0,legacy_anchor_critical_tail_fast_turbo_4,869.4763775831983,40.487158948081095,615.2474245848613,244.30294036701568,9.102777777777776,4.0,869.4763775831983,40.487158948081095,212.1154640988809,39.87166299207953,354645.66116134095,32445.661161340948,262.7017032029912,48.26808757266827,920.0626166873084,48.883583528669824,657.3609134843174,0.6154959560015669,28.552589621437992,98.7408943625408,26197.87535185844,0.0,0.0,13.720580892403982,0.8232348535442389,0.0969241194431033
migration_energy_threshold,migration_energy_fraction_limit_pct,2.0,archive_reselection,representative,rep_Google2011v2_flexible_dynamic_n060_823,rep_Google2011v2_flexible_dynamic_n060_823,Google2011v2,flexible_dynamic,30,60,823,823,0,exact_frozen_v3a_representative_scenario,216,0,0.0,legacy_anchor_critical_tail_fast_turbo_4,869.4763775831983,40.487158948081095,615.2474245848613,244.30294036701568,9.102777777777776,4.0,869.4763775831983,40.487158948081095,212.1154640988809,39.87166299207953,354645.66116134095,32445.661161340948,262.7017032029912,48.26808757266827,920.0626166873084,48.883583528669824,657.3609134843174,0.6154959560015669,28.552589621437992,98.7408943625408,26197.87535185844,0.0,0.0,13.720580892403982,0.8232348535442389,0.0969241194431033
evaluation_budget,budget_factor,0.6,,representative,rep_Alibaba2017_trace_dynamic_n060_823,rep_Alibaba2017_trace_dynamic_n060_823,Alibaba2017,trace_dynamic,30,60,823,823,0,exact_frozen_v3a_representative_scenario,216,130,5.783061305999581,v6c_anchor_critical_tail_turbo_1,241.78943422499236,20.434642558142592,1.3024891291033827,237.055777556336,1.611111111111111,1.0,241.78943422499236,20.434642558142592,208.50549696790054,20.338503988940097,180638.09669491503,25838.09669491503,209.20245623982908,20.39978093123487,242.48639349692084,20.49591950043737,33.28393725709182,0.09613856920249475,86.27389488659519,99.53093800353552,25752.01691657887,0.0,0.0,30.334273807366582,1.820056428441995,0.09613856920249472
evaluation_budget,budget_factor,0.8,,representative,rep_Alibaba2017_trace_dynamic_n060_823,rep_Alibaba2017_trace_dynamic_n060_823,Alibaba2017,trace_dynamic,30,60,823,823,0,exact_frozen_v3a_representative_scenario,216,173,6.332918195003003,v6c_anchor_critical_tail_turbo_1,241.78943422499236,20.434642558142592,1.3024891291033827,237.055777556336,1.611111111111111,1.0,241.78943422499236,20.434642558142592,208.50549696790054,20.338503988940097,180638.09669491503,25838.09669491503,209.20245623982908,20.39978093123487,242.48639349692084,20.49591950043737,33.28393725709182,0.09613856920249475,86.27389488659519,99.53093800353552,25752.01691657887,0.0,0.0,30.334273807366582,1.820056428441995,0.09613856920249472
evaluation_budget,budget_factor,1.0,,representative,rep_Alibaba2017_trace_dynamic_n060_823,rep_Alibaba2017_trace_dynamic_n060_823,Alibaba2017,trace_dynamic,30,60,823,823,0,exact_frozen_v3a_representative_scenario,216,216,7.436121746000026,v6c_anchor_critical_tail_turbo_1,241.78943422499236,20.434642558142592,1.3024891291033827,237.055777556336,1.611111111111111,1.0,241.78943422499236,20.434642558142592,208.50549696790054,20.338503988940097,180638.09669491503,25838.09669491503,209.20245623982908,20.39978093123487,242.48639349692084,20.49591950043737,33.28393725709182,0.09613856920249475,86.27389488659519,99.53093800353552,25752.01691657887,0.0,0.0,30.334273807366582,1.820056428441995,0.09613856920249472
evaluation_budget,budget_factor,1.2,,representative,rep_Alibaba2017_trace_dynamic_n060_823,rep_Alibaba2017_trace_dynamic_n060_823,Alibaba2017,trace_dynamic,30,60,823,823,0,exact_frozen_v3a_representative_scenario,216,259,9.801194701001805,v6c_anchor_critical_tail_turbo_1,241.78943422499236,20.434642558142592,1.3024891291033827,237.055777556336,1.611111111111111,1.0,241.78943422499236,20.434642558142592,208.50549696790054,20.338503988940097,180638.09669491503,25838.09669491503,209.20245623982908,20.39978093123487,242.48639349692084,20.49591950043737,33.28393725709182,0.09613856920249475,86.27389488659519,99.53093800353552,25752.01691657887,0.0,0.0,30.334273807366582,1.820056428441995,0.09613856920249472
critical_tail_size,tail_size,1,,representative,rep_Alibaba2017_trace_dynamic_n060_823,rep_Alibaba2017_trace_dynamic_n060_823,Alibaba2017,trace_dynamic,30,60,823,823,0,exact_frozen_v3a_representative_scenario,216,216,9.232753533993673,parameterized_v6c_anchor_critical_tail_turbo_1,241.78943422499236,20.434642558142592,1.3024891291033827,237.055777556336,1.611111111111111,1.0,241.78943422499236,20.434642558142592,208.50549696790054,20.338503988940097,180638.09669491503,25838.09669491503,209.20245623982908,20.39978093123487,242.48639349692084,20.49591950043737,33.28393725709182,0.09613856920249475,86.27389488659519,99.53093800353552,25752.01691657887,0.0,0.0,30.334273807366582,1.820056428441995,0.09613856920249472
critical_tail_size,tail_size,2,,representative,rep_Alibaba2017_trace_dynamic_n060_823,rep_Alibaba2017_trace_dynamic_n060_823,Alibaba2017,trace_dynamic,30,60,823,823,0,exact_frozen_v3a_representative_scenario,216,216,7.2040191989945015,parameterized_v6c_anchor_critical_tail_turbo_2,241.79559533723955,20.434642558142592,1.3073311807444545,237.05709661694212,1.611111111111111,1.0,241.79559533723955,20.434642558142592,208.50549696790054,20.338503988940097,180638.09669491503,25838.09669491503,209.20245623982908,20.39978093123487,242.49255460916802,20.49591950043737,33.290098369339006,0.09613856920249475,86.27170288877795,99.53093800353552,25752.01691657887,0.0,0.0,30.334273807366582,1.820056428441995,0.09613856920249472
critical_tail_size,tail_size,4,,representative,rep_Alibaba2017_trace_dynamic_n060_823,rep_Alibaba2017_trace_dynamic_n060_823,Alibaba2017,trace_dynamic,30,60,823,823,0,exact_frozen_v3a_representative_scenario,216,216,9.17668927500199,parameterized_v6c_anchor_critical_tail_turbo_4,241.80340652751687,20.434642558142592,1.3134700376883552,237.05876895027552,1.611111111111111,1.0,241.80340652751687,20.434642558142592,208.50549696790054,20.338503988940097,180638.09669491503,25838.09669491503,209.20245623982908,20.39978093123487,242.50036579944535,20.49591950043737,33.29790955961633,0.09613856920249475,86.2689239870448,99.53093800353552,25752.01691657887,0.0,0.0,30.334273807366582,1.820056428441995,0.09613856920249472
critical_tail_size,tail_size,8,,representative,rep_Alibaba2017_trace_dynamic_n060_823,rep_Alibaba2017_trace_dynamic_n060_823,Alibaba2017,trace_dynamic,30,60,823,823,0,exact_frozen_v3a_representative_scenario,216,216,7.174893723997229,parameterized_v6c_anchor_critical_tail_turbo_8,241.82466835627378,20.434642558142592,1.3321641361422796,237.06133668057853,1.611111111111111,1.0,241.82466835627378,20.434642558142592,208.50549696790054,20.338503988940097,180638.09669491503,25838.09669491503,209.20245623982908,20.39978093123487,242.52162762820225,20.49591950043737,33.319171388373235,0.09613856920249475,86.26136080553891,99.53093800353552,25752.01691657887,0.0,0.0,30.334273807366582,1.820056428441995,0.09613856920249472
carbon_shift_cap,maximum_shift_fraction,0.0,,representative,rep_Alibaba2017_trace_dynamic_n060_823,rep_Alibaba2017_trace_dynamic_n060_823,Alibaba2017,trace_dynamic,30,60,823,823,0,exact_frozen_v3a_representative_scenario,216,216,9.245133633005025,v6c_anchor_critical_tail_turbo_1__shift_cap,241.78943422499236,20.434642558142592,1.3024891291033827,237.055777556336,1.611111111111111,1.0,241.78943422499236,20.434642558142592,208.50549696790054,20.338503988940097,180638.09669491503,25838.09669491503,209.20245623982908,20.39978093123487,242.48639349692084,20.49591950043737,33.28393725709182,0.09613856920249475,86.27389488659519,99.53093800353552,25752.01691657887,0.0,0.0,30.334273807366582,1.820056428441995,0.09613856920249472
carbon_shift_cap,maximum_shift_fraction,0.25,,representative,rep_Alibaba2017_trace_dynamic_n060_823,rep_Alibaba2017_trace_dynamic_n060_823,Alibaba2017,trace_dynamic,30,60,823,823,0,exact_frozen_v3a_representative_scenario,216,216,8.96868462600105,v6c_anchor_critical_tail_turbo_1__shift_cap,241.78943422499236,20.434642558142592,1.3024891291033827,237.055777556336,1.611111111111111,1.0,241.78943422499236,20.434642558142592,208.50549696790054,20.338503988940097,180638.09669491503,25838.09669491503,209.20245623982908,20.39978093123487,242.48639349692084,20.49591950043737,33.28393725709182,0.09613856920249475,86.27389488659519,99.53093800353552,25752.01691657887,0.0,0.0,30.334273807366582,1.820056428441995,0.09613856920249472
carbon_shift_cap,maximum_shift_fraction,0.5,,representative,rep_Alibaba2017_trace_dynamic_n060_823,rep_Alibaba2017_trace_dynamic_n060_823,Alibaba2017,trace_dynamic,30,60,823,823,0,exact_frozen_v3a_representative_scenario,216,216,7.783229380998819,v6c_anchor_critical_tail_turbo_1__shift_cap,241.78943422499236,20.434642558142592,1.3024891291033827,237.055777556336,1.611111111111111,1.0,241.78943422499236,20.434642558142592,208.50549696790054,20.338503988940097,180638.09669491503,25838.09669491503,209.20245623982908,20.39978093123487,242.48639349692084,20.49591950043737,33.28393725709182,0.09613856920249475,86.27389488659519,99.53093800353552,25752.01691657887,0.0,0.0,30.334273807366582,1.820056428441995,0.09613856920249472
carbon_shift_cap,maximum_shift_fraction,1.0,,representative,rep_Alibaba2017_trace_dynamic_n060_823,rep_Alibaba2017_trace_dynamic_n060_823,Alibaba2017,trace_dynamic,30,60,823,823,0,exact_frozen_v3a_representative_scenario,216,216,7.436121746000026,v6c_anchor_critical_tail_turbo_1,241.78943422499236,20.434642558142592,1.3024891291033827,237.055777556336,1.611111111111111,1.0,241.78943422499236,20.434642558142592,208.50549696790054,20.338503988940097,180638.09669491503,25838.09669491503,209.20245623982908,20.39978093123487,242.48639349692084,20.49591950043737,33.28393725709182,0.09613856920249475,86.27389488659519,99.53093800353552,25752.01691657887,0.0,0.0,30.334273807366582,1.820056428441995,0.09613856920249472
dvfs_policy,dvfs_policy,balanced_only,,representative,rep_Alibaba2017_trace_dynamic_n060_823,rep_Alibaba2017_trace_dynamic_n060_823,Alibaba2017,trace_dynamic,30,60,823,823,0,exact_frozen_v3a_representative_scenario,216,216,6.7935186969989445,uniform_pool_Alibaba2017_node_021_eco_low__no_dvfs,241.82465893505776,20.434648310564572,1.3213350555546692,237.07215633994994,1.611111111111111,1.0,241.82465893505776,20.434648310564572,208.50556239550994,20.338509741362078,180638.09669491503,25838.09669491503,209.20245623982908,20.39978093123487,242.5215527793769,20.495919500437363,33.319096539547814,0.09613856920249475,86.26138742816876,99.53093800353557,25752.024997386936,0.0,0.0,30.334273807366582,1.820056428441995,0.09613856920249472
dvfs_policy,dvfs_policy,eco_balanced,,representative,rep_Alibaba2017_trace_dynamic_n060_823,rep_Alibaba2017_trace_dynamic_n060_823,Alibaba2017,trace_dynamic,30,60,823,823,0,exact_frozen_v3a_representative_scenario,216,216,7.135115940996911,v6c_anchor_critical_tail_turbo_1__eco_balanced_dvfs,241.78937727325237,20.434648310564572,1.3023677912803682,237.05584194241902,1.611111111111111,1.0,241.78937727325237,20.434648310564572,208.50556239550994,20.338509741362078,180638.09669491503,25838.09669491503,209.20245623982908,20.39978093123487,242.4862711175715,20.495919500437363,33.28381487774243,0.09613856920249475,86.27393842779475,99.53093800353557,25752.024997386936,0.0,0.0,30.334273807366582,1.820056428441995,0.09613856920249472
dvfs_policy,dvfs_policy,full_5state,,representative,rep_Alibaba2017_trace_dynamic_n060_823,rep_Alibaba2017_trace_dynamic_n060_823,Alibaba2017,trace_dynamic,30,60,823,823,0,exact_frozen_v3a_representative_scenario,216,216,7.436121746000026,v6c_anchor_critical_tail_turbo_1,241.78943422499236,20.434642558142592,1.3024891291033827,237.055777556336,1.611111111111111,1.0,241.78943422499236,20.434642558142592,208.50549696790054,20.338503988940097,180638.09669491503,25838.09669491503,209.20245623982908,20.39978093123487,242.48639349692084,20.49591950043737,33.28393725709182,0.09613856920249475,86.27389488659519,99.53093800353552,25752.01691657887,0.0,0.0,30.334273807366582,1.820056428441995,0.09613856920249472
active_pool_size,pool_size,1,energy,representative,rep_Alibaba2017_trace_dynamic_n060_823,rep_Alibaba2017_trace_dynamic_n060_823,Alibaba2017,trace_dynamic,30,60,823,823,0,exact_frozen_v3a_representative_scenario,216,1,0.06828587199561298,fixed_pool_energy_k1,240.92233694477488,24.618204768866512,1.3549964102831977,236.1755864957741,1.5555555555555556,1.0,240.92233694477488,24.618204768866512,208.50681746833345,20.338620087874553,180638.09669491503,25838.09669491503,209.20245623982908,20.39978093123487,241.61797571627042,24.679365612226835,32.41551947644143,4.2795846809919595,86.58397853870501,82.65925977095722,25752.180008439667,0.0,0.0,30.603308052700875,1.8361984831620526,0.2000182177930773
active_pool_size,pool_size,1,carbon,representative,rep_Alibaba2017_trace_dynamic_n060_823,rep_Alibaba2017_trace_dynamic_n060_823,Alibaba2017,trace_dynamic,30,60,823,823,0,exact_frozen_v3a_representative_scenario,216,1,0.07144707399856998,fixed_pool_carbon_k1,241.99539753874282,20.434648310564572,1.4033891392218838,237.16084085996783,1.611111111111111,1.0,241.99539753874282,20.434648310564572,208.50556239550994,20.338509741362078,180638.09669491503,25838.09669491503,209.20245623982908,20.39978093123487,242.69229138306196,20.495919500437363,33.48983514323288,0.09613856920249475,86.20070091539372,99.53093800353557,25752.024997386936,0.0,0.0,30.334273807366582,1.820056428441995,0.09613856920249472
active_pool_size,pool_size,1,hybrid,representative,rep_Alibaba2017_trace_dynamic_n060_823,rep_Alibaba2017_trace_dynamic_n060_823,Alibaba2017,trace_dynamic,30,60,823,823,0,exact_frozen_v3a_representative_scenario,216,1,0.08695887800422497,fixed_pool_hybrid_k1,240.92233694477488,24.618204768866512,1.3549964102831977,236.1755864957741,1.5555555555555556,1.0,240.92233694477488,24.618204768866512,208.50681746833345,20.338620087874553,180638.09669491503,25838.09669491503,209.20245623982908,20.39978093123487,241.61797571627042,24.679365612226835,32.41551947644143,4.2795846809919595,86.58397853870501,82.65925977095722,25752.180008439667,0.0,0.0,30.603308052700875,1.8361984831620526,0.2000182177930773
active_pool_size,pool_size,1,speed,representative,rep_Alibaba2017_trace_dynamic_n060_823,rep_Alibaba2017_trace_dynamic_n060_823,Alibaba2017,trace_dynamic,30,60,823,823,0,exact_frozen_v3a_representative_scenario,216,1,0.06799991099978797,fixed_pool_speed_k1,376.31328536114853,42.62274803781401,2.4080983089547257,332.8689885690319,39.2,1.0,376.31328536114853,42.62274803781401,208.50666489114823,20.338606673226444,180638.09669491503,25838.09669491503,209.20245623982908,20.39978093123487,377.0090767098293,42.68392229582244,167.8066204700003,22.28414136458757,55.49003171635703,47.79265782992824,25752.161163995217,0.0,0.0,30.603308052700875,1.8361984831620526,0.2000182177930773
active_pool_size,pool_size,2,energy,representative,rep_Alibaba2017_trace_dynamic_n060_823,rep_Alibaba2017_trace_dynamic_n060_823,Alibaba2017,trace_dynamic,30,60,823,823,0,exact_frozen_v3a_representative_scenario,216,1,0.06994116900023073,fixed_pool_energy_k2,240.9110415464054,24.617491174102476,1.415016078066291,236.1042714296215,1.5555555555555556,1.0,240.9110415464054,24.617491174102476,208.50678148314836,20.338616924042455,180638.09669491503,25838.09669491503,209.20245623982908,20.39978093123487,241.60671630308605,24.67865518129489,32.40426006325703,4.278874250060021,86.58801354569667,82.66163930479007,25752.17556399523,0.0,0.0,30.603308052700875,1.8361984831620526,0.2000182177930773
active_pool_size,pool_size,2,carbon,representative,rep_Alibaba2017_trace_dynamic_n060_823,rep_Alibaba2017_trace_dynamic_n060_823,Alibaba2017,trace_dynamic,30,60,823,823,0,exact_frozen_v3a_representative_scenario,216,1,0.07101720700302394,fixed_pool_carbon_k2,241.98520248544918,20.43464514673248,1.467509552298108,237.08652539359798,1.611111111111111,1.0,241.98520248544918,20.43464514673248,208.50552641032476,20.338506577529984,180638.09669491503,25838.09669491503,209.20245623982908,20.39978093123487,242.68213231495344,20.49591950043736,33.47967607512442,0.09613856920249475,86.20430941670054,99.53093800353558,25752.0205529425,0.0,0.0,30.334273807366582,1.820056428441995,0.09613856920249472
active_pool_size,pool_size,2,hybrid,representative,rep_Alibaba2017_trace_dynamic_n060_823,rep_Alibaba2017_trace_dynamic_n060_823,Alibaba2017,trace_dynamic,30,60,823,823,0,exact_frozen_v3a_representative_scenario,216,1,0.07113811900489964,fixed_pool_hybrid_k2,241.98520248544918,20.43464514673248,1.467509552298108,237.08652539359798,1.611111111111111,1.0,241.98520248544918,20.43464514673248,208.50552641032476,20.338506577529984,180638.09669491503,25838.09669491503,209.20245623982908,20.39978093123487,242.68213231495344,20.49591950043736,33.47967607512442,0.09613856920249475,86.20430941670054,99.53093800353558,25752.0205529425,0.0,0.0,30.334273807366582,1.820056428441995,0.09613856920249472
active_pool_size,pool_size,2,speed,representative,rep_Alibaba2017_trace_dynamic_n060_823,rep_Alibaba2017_trace_dynamic_n060_823,Alibaba2017,trace_dynamic,30,60,823,823,0,exact_frozen_v3a_representative_scenario,216,1,0.06922840300103417,fixed_pool_speed_k2,379.3801957995865,30.750710487919605,2.4785569585136336,335.0850481543542,39.9,1.0,379.3801957995865,30.750710487919605,208.50617581668553,20.338563673601012,180638.09669491503,25838.09669491503,209.20245623982908,20.39978093123487,380.07647622273004,30.81192774555346,170.87401998290096,10.412146814318593,55.042200537881634,66.20741519225069,25752.100759574125,0.0,0.0,31.94317811197662,1.9165906867185971,0.14804219315093228
active_pool_size,pool_size,4,energy,representative,rep_Alibaba2017_trace_dynamic_n060_823,rep_Alibaba2017_trace_dynamic_n060_823,Alibaba2017,trace_dynamic,30,60,823,823,0,exact_frozen_v3a_representative_scenario,216,1,0.07655203400645405,fixed_pool_energy_k4,241.53508368965242,22.38076206491762,1.4396726043825847,236.59548706521795,1.583333333333333,1.0,241.53508368965242,22.38076206491762,208.50629240868562,20.338573924417023,180638.09669491503,25838.09669491503,209.20245623982908,20.39978093123487,242.23124752079585,22.441969071735464,33.0287912809668,2.0421881405005955,86.36476853460815,90.90013833468548,25752.11515957414,0.0,0.0,31.94317811197662,1.9165906867185971,0.14804219315093228
active_pool_size,pool_size,4,carbon,representative,rep_Alibaba2017_trace_dynamic_n060_823,rep_Alibaba2017_trace_dynamic_n060_823,Alibaba2017,trace_dynamic,30,60,823,823,0,exact_frozen_v3a_representative_scenario,216,1,0.0945803530048579,fixed_pool_carbon_k4,241.98520248544918,20.43464514673248,1.467509552298108,237.08652539359798,1.611111111111111,1.0,241.98520248544918,20.43464514673248,208.50552641032476,20.338506577529984,180638.09669491503,25838.09669491503,209.20245623982908,20.39978093123487,242.68213231495344,20.49591950043736,33.47967607512442,0.09613856920249475,86.20430941670054,99.53093800353558,25752.0205529425,0.0,0.0,30.334273807366582,1.820056428441995,0.09613856920249472
active_pool_size,pool_size,4,hybrid,representative,rep_Alibaba2017_trace_dynamic_n060_823,rep_Alibaba2017_trace_dynamic_n060_823,Alibaba2017,trace_dynamic,30,60,823,823,0,exact_frozen_v3a_representative_scenario,216,1,0.10053940400393913,fixed_pool_hybrid_k4,241.98520248544918,20.43464514673248,1.467509552298108,237.08652539359798,1.611111111111111,1.0,241.98520248544918,20.43464514673248,208.50552641032476,20.338506577529984,180638.09669491503,25838.09669491503,209.20245623982908,20.39978093123487,242.68213231495344,20.49591950043736,33.47967607512442,0.09613856920249475,86.20430941670054,99.53093800353558,25752.0205529425,0.0,0.0,30.334273807366582,1.820056428441995,0.09613856920249472
active_pool_size,pool_size,4,speed,representative,rep_Alibaba2017_trace_dynamic_n060_823,rep_Alibaba2017_trace_dynamic_n060_823,Alibaba2017,trace_dynamic,30,60,823,823,0,exact_frozen_v3a_representative_scenario,216,1,0.1099892069978523,fixed_pool_speed_k4,426.1110579393459,24.353594516601273,2.5149677089415845,381.3845504328221,40.425,2.0,426.1110579393459,24.353594516601273,208.50617581668553,20.338563673601012,180638.09669491503,25838.09669491503,209.20245623982908,20.39978093123487,426.8073383624895,24.41481177423513,217.6048821226604,4.015030843000261,49.0156652513206,83.55493837049643,25752.100759574125,0.0,0.0,29.775663293039454,1.7865397975823671,0.10513779452799359
active_pool_size,pool_size,6,energy,representative,rep_Alibaba2017_trace_dynamic_n060_823,rep_Alibaba2017_trace_dynamic_n060_823,Alibaba2017,trace_dynamic,30,60,823,823,0,exact_frozen_v3a_representative_scenario,216,1,0.07881469200219726,fixed_pool_energy_k6,251.73405776312623,21.227114415941916,1.4594334368464272,246.8839178620307,1.6041666666666663,2.0,251.73405776312623,21.227114415941916,208.50629240868562,20.338573924417023,180638.09669491503,25838.09669491503,209.20245623982908,20.39978093123487,252.43022159426965,21.28832142275976,43.227765354440606,0.8885404915248927,82.87536053273351,95.82615992177318,25752.11515957414,0.0,0.0,29.775663293039454,1.7865397975823671,0.10513779452799359
active_pool_size,pool_size,6,carbon,representative,rep_Alibaba2017_trace_dynamic_n060_823,rep_Alibaba2017_trace_dynamic_n060_823,Alibaba2017,trace_dynamic,30,60,823,823,0,exact_frozen_v3a_representative_scenario,216,1,0.07731567900191294,fixed_pool_carbon_k6,298.80411547604973,20.434639451834705,1.6569254071220678,286.3451891960412,8.981944444444444,2.0,298.80411547604973,20.434639451834705,208.5054616369914,20.33850088263221,180638.09669491503,25838.09669491503,209.20245623982908,20.39978093123487,299.50111007888734,20.495919500437367,90.29865383905832,0.09613856920249475,69.8503108000922,99.53093800353555,25752.0125529425,0.0,0.0,30.334273807366582,1.820056428441995,0.09613856920249472
active_pool_size,pool_size,6,hybrid,representative,rep_Alibaba2017_trace_dynamic_n060_823,rep_Alibaba2017_trace_dynamic_n060_823,Alibaba2017,trace_dynamic,30,60,823,823,0,exact_frozen_v3a_representative_scenario,216,1,0.0819203249993734,fixed_pool_hybrid_k6,265.0220913156909,23.521329000639508,1.4650063149243706,259.1845040236513,2.7777777777777777,2.0,265.0220913156909,23.521329000639508,208.50552641032476,20.338506577529984,180638.09669491503,25838.09669491503,209.20245623982908,20.39978093123487,265.71902114519514,23.58260335434439,56.516564905366124,3.182822423109524,78.73070408667354,86.50351542921074,25752.0205529425,0.0,0.0,26.580053322289086,1.5948031993373453,0.08161060067817623
active_pool_size,pool_size,6,speed,representative,rep_Alibaba2017_trace_dynamic_n060_823,rep_Alibaba2017_trace_dynamic_n060_823,Alibaba2017,trace_dynamic,30,60,823,823,0,exact_frozen_v3a_representative_scenario,216,1,0.0831780499938759,fixed_pool_speed_k6,426.1110579393459,24.353594516601273,2.5149677089415845,381.3845504328221,40.425,2.0,426.1110579393459,24.353594516601273,208.50617581668553,20.338563673601012,180638.09669491503,25838.09669491503,209.20245623982908,20.39978093123487,426.8073383624895,24.41481177423513,217.6048821226604,4.015030843000261,49.0156652513206,83.55493837049643,25752.100759574125,0.0,0.0,29.775663293039454,1.7865397975823671,0.10513779452799359
active_pool_size,pool_size,8,energy,representative,rep_Alibaba2017_trace_dynamic_n060_823,rep_Alibaba2017_trace_dynamic_n060_823,Alibaba2017,trace_dynamic,30,60,823,823,0,exact_frozen_v3a_representative_scenario,216,1,0.08208581200597109,fixed_pool_energy_k8,251.73405776312623,21.227114415941916,1.4594334368464272,246.8839178620307,1.6041666666666663,2.0,251.73405776312623,21.227114415941916,208.50629240868562,20.338573924417023,180638.09669491503,25838.09669491503,209.20245623982908,20.39978093123487,252.43022159426965,21.28832142275976,43.227765354440606,0.8885404915248927,82.87536053273351,95.82615992177318,25752.11515957414,0.0,0.0,29.775663293039454,1.7865397975823671,0.10513779452799359
active_pool_size,pool_size,8,carbon,representative,rep_Alibaba2017_trace_dynamic_n060_823,rep_Alibaba2017_trace_dynamic_n060_823,Alibaba2017,trace_dynamic,30,60,823,823,0,exact_frozen_v3a_representative_scenario,216,1,0.09171541800606064,fixed_pool_carbon_k8,319.28290895982815,20.929532338744025,1.654031654262032,305.80439565631417,10.21111111111111,3.0,319.28290895982815,20.929532338744025,208.5054616369914,20.33850088263221,180638.09669491503,25838.09669491503,209.20245623982908,20.39978093123487,319.97990356266575,20.990812387346686,110.77744732283674,0.5910314561118142,65.37987352035634,97.18433262512463,25752.0125529425,0.0,0.0,26.889508969015974,1.6133705381409584,0.09420366960888303
active_pool_size,pool_size,8,hybrid,representative,rep_Alibaba2017_trace_dynamic_n060_823,rep_Alibaba2017_trace_dynamic_n060_823,Alibaba2017,trace_dynamic,30,60,823,823,0,exact_frozen_v3a_representative_scenario,216,1,0.10197935600444907,fixed_pool_hybrid_k8,265.7836312242632,23.66090947071833,1.464780768628064,259.79293558722946,2.9722222222222223,2.0,265.7836312242632,23.66090947071833,208.50552641032476,20.338506577529984,180638.09669491503,25838.09669491503,209.20245623982908,20.39978093123487,266.4805610537675,23.72218382442321,57.278104813938455,3.3224028931883467,78.50570991465999,85.9945318787735,25752.0205529425,0.0,0.0,25.894877436388434,1.553692646183306,0.08334972815986284
active_pool_size,pool_size,8,speed,representative,rep_Alibaba2017_trace_dynamic_n060_823,rep_Alibaba2017_trace_dynamic_n060_823,Alibaba2017,trace_dynamic,30,60,823,823,0,exact_frozen_v3a_representative_scenario,216,1,0.08970710699941264,fixed_pool_speed_k8,285.78139378481575,25.06072934007399,1.6566825431237855,271.7581205549735,10.45,1.0,285.78139378481575,25.06072934007399,208.50622763535227,20.338568229519243,180638.09669491503,25838.09669491503,209.20245623982908,20.39978093123487,286.4776223892925,25.121942041789616,77.27516614946347,4.722161110554747,73.02575834546172,81.20304113949642,25752.107159574138,0.0,0.0,31.94317811197662,1.9165906867185971,0.14804219315093228
makespan_guard,makespan_guard_pct,0.5,archive_reselection,representative,rep_Alibaba2017_trace_dynamic_n060_823,rep_Alibaba2017_trace_dynamic_n060_823,Alibaba2017,trace_dynamic,30,60,823,823,0,exact_frozen_v3a_representative_scenario,216,0,0.0,v6c_anchor_critical_tail_turbo_1,241.7894342249924,20.434642558142592,1.3024891291033829,237.055777556336,1.611111111111111,1.0,241.7894342249924,20.434642558142592,208.5054969679005,20.338503988940097,180638.09669491503,25838.09669491503,209.20245623982908,20.39978093123487,242.48639349692084,20.49591950043737,33.28393725709182,0.0961385692024947,86.27389488659519,99.53093800353552,25752.01691657887,0.0,0.0,30.334273807366586,1.820056428441995,0.0961385692024947
makespan_guard,makespan_guard_pct,1.0,archive_reselection,representative,rep_Alibaba2017_trace_dynamic_n060_823,rep_Alibaba2017_trace_dynamic_n060_823,Alibaba2017,trace_dynamic,30,60,823,823,0,exact_frozen_v3a_representative_scenario,216,0,0.0,v6c_anchor_critical_tail_turbo_1,241.7894342249924,20.434642558142592,1.3024891291033829,237.055777556336,1.611111111111111,1.0,241.7894342249924,20.434642558142592,208.5054969679005,20.338503988940097,180638.09669491503,25838.09669491503,209.20245623982908,20.39978093123487,242.48639349692084,20.49591950043737,33.28393725709182,0.0961385692024947,86.27389488659519,99.53093800353552,25752.01691657887,0.0,0.0,30.334273807366586,1.820056428441995,0.0961385692024947
makespan_guard,makespan_guard_pct,2.0,archive_reselection,representative,rep_Alibaba2017_trace_dynamic_n060_823,rep_Alibaba2017_trace_dynamic_n060_823,Alibaba2017,trace_dynamic,30,60,823,823,0,exact_frozen_v3a_representative_scenario,216,0,0.0,v6c_anchor_critical_tail_turbo_1,241.7894342249924,20.434642558142592,1.3024891291033829,237.055777556336,1.611111111111111,1.0,241.7894342249924,20.434642558142592,208.5054969679005,20.338503988940097,180638.09669491503,25838.09669491503,209.20245623982908,20.39978093123487,242.48639349692084,20.49591950043737,33.28393725709182,0.0961385692024947,86.27389488659519,99.53093800353552,25752.01691657887,0.0,0.0,30.334273807366586,1.820056428441995,0.0961385692024947
controllable_energy_guard,controllable_energy_guard_pct,5.0,archive_reselection,representative,rep_Alibaba2017_trace_dynamic_n060_823,rep_Alibaba2017_trace_dynamic_n060_823,Alibaba2017,trace_dynamic,30,60,823,823,0,exact_frozen_v3a_representative_scenario,216,0,0.0,v6c_anchor_critical_tail_turbo_1,241.7894342249924,20.434642558142592,1.3024891291033829,237.055777556336,1.611111111111111,1.0,241.7894342249924,20.434642558142592,208.5054969679005,20.338503988940097,180638.09669491503,25838.09669491503,209.20245623982908,20.39978093123487,242.48639349692084,20.49591950043737,33.28393725709182,0.0961385692024947,86.27389488659519,99.53093800353552,25752.01691657887,0.0,0.0,30.334273807366586,1.820056428441995,0.0961385692024947
controllable_energy_guard,controllable_energy_guard_pct,10.0,archive_reselection,representative,rep_Alibaba2017_trace_dynamic_n060_823,rep_Alibaba2017_trace_dynamic_n060_823,Alibaba2017,trace_dynamic,30,60,823,823,0,exact_frozen_v3a_representative_scenario,216,0,0.0,v6c_anchor_critical_tail_turbo_1,241.7894342249924,20.434642558142592,1.3024891291033829,237.055777556336,1.611111111111111,1.0,241.7894342249924,20.434642558142592,208.5054969679005,20.338503988940097,180638.09669491503,25838.09669491503,209.20245623982908,20.39978093123487,242.48639349692084,20.49591950043737,33.28393725709182,0.0961385692024947,86.27389488659519,99.53093800353552,25752.01691657887,0.0,0.0,30.334273807366586,1.820056428441995,0.0961385692024947
controllable_energy_guard,controllable_energy_guard_pct,15.0,archive_reselection,representative,rep_Alibaba2017_trace_dynamic_n060_823,rep_Alibaba2017_trace_dynamic_n060_823,Alibaba2017,trace_dynamic,30,60,823,823,0,exact_frozen_v3a_representative_scenario,216,0,0.0,v6c_anchor_critical_tail_fast_turbo_1,246.5752857092097,20.43463323921894,1.3031035775875073,236.7660145920692,6.68611111111111,2.0,246.5752857092097,20.43463323921894,208.50539097517316,20.338494670016445,180638.09669491503,25838.09669491503,209.20245623982908,20.39978093123487,247.27235097386563,20.495919500437367,38.06989473403661,0.0961385692024947,84.6040632589528,99.53093800353555,25752.00382566976,0.0,0.0,30.334273807366586,1.820056428441995,0.0961385692024947
gross_energy_guard,gross_energy_guard_pct,2.0,archive_reselection,representative,rep_Alibaba2017_trace_dynamic_n060_823,rep_Alibaba2017_trace_dynamic_n060_823,Alibaba2017,trace_dynamic,30,60,823,823,0,exact_frozen_v3a_representative_scenario,216,0,0.0,v6c_anchor_critical_tail_turbo_1,241.7894342249924,20.434642558142592,1.3024891291033829,237.055777556336,1.611111111111111,1.0,241.7894342249924,20.434642558142592,208.5054969679005,20.338503988940097,180638.09669491503,25838.09669491503,209.20245623982908,20.39978093123487,242.48639349692084,20.49591950043737,33.28393725709182,0.0961385692024947,86.27389488659519,99.53093800353552,25752.01691657887,0.0,0.0,30.334273807366586,1.820056428441995,0.0961385692024947
gross_energy_guard,gross_energy_guard_pct,5.0,archive_reselection,representative,rep_Alibaba2017_trace_dynamic_n060_823,rep_Alibaba2017_trace_dynamic_n060_823,Alibaba2017,trace_dynamic,30,60,823,823,0,exact_frozen_v3a_representative_scenario,216,0,0.0,v6c_anchor_critical_tail_turbo_1,241.7894342249924,20.434642558142592,1.3024891291033829,237.055777556336,1.611111111111111,1.0,241.7894342249924,20.434642558142592,208.5054969679005,20.338503988940097,180638.09669491503,25838.09669491503,209.20245623982908,20.39978093123487,242.48639349692084,20.49591950043737,33.28393725709182,0.0961385692024947,86.27389488659519,99.53093800353552,25752.01691657887,0.0,0.0,30.334273807366586,1.820056428441995,0.0961385692024947
gross_energy_guard,gross_energy_guard_pct,8.0,archive_reselection,representative,rep_Alibaba2017_trace_dynamic_n060_823,rep_Alibaba2017_trace_dynamic_n060_823,Alibaba2017,trace_dynamic,30,60,823,823,0,exact_frozen_v3a_representative_scenario,216,0,0.0,v6c_anchor_critical_tail_turbo_1,241.7894342249924,20.434642558142592,1.3024891291033829,237.055777556336,1.611111111111111,1.0,241.7894342249924,20.434642558142592,208.5054969679005,20.338503988940097,180638.09669491503,25838.09669491503,209.20245623982908,20.39978093123487,242.48639349692084,20.49591950043737,33.28393725709182,0.0961385692024947,86.27389488659519,99.53093800353552,25752.01691657887,0.0,0.0,30.334273807366586,1.820056428441995,0.0961385692024947
legacy_guard,legacy_guard_pct,2.0,archive_reselection,representative,rep_Alibaba2017_trace_dynamic_n060_823,rep_Alibaba2017_trace_dynamic_n060_823,Alibaba2017,trace_dynamic,30,60,823,823,0,exact_frozen_v3a_representative_scenario,216,0,0.0,v6c_anchor_critical_tail_turbo_1,241.7894342249924,20.434642558142592,1.3024891291033829,237.055777556336,1.611111111111111,1.0,241.7894342249924,20.434642558142592,208.5054969679005,20.338503988940097,180638.09669491503,25838.09669491503,209.20245623982908,20.39978093123487,242.48639349692084,20.49591950043737,33.28393725709182,0.0961385692024947,86.27389488659519,99.53093800353552,25752.01691657887,0.0,0.0,30.334273807366586,1.820056428441995,0.0961385692024947
legacy_guard,legacy_guard_pct,5.0,archive_reselection,representative,rep_Alibaba2017_trace_dynamic_n060_823,rep_Alibaba2017_trace_dynamic_n060_823,Alibaba2017,trace_dynamic,30,60,823,823,0,exact_frozen_v3a_representative_scenario,216,0,0.0,v6c_anchor_critical_tail_turbo_1,241.7894342249924,20.434642558142592,1.3024891291033829,237.055777556336,1.611111111111111,1.0,241.7894342249924,20.434642558142592,208.5054969679005,20.338503988940097,180638.09669491503,25838.09669491503,209.20245623982908,20.39978093123487,242.48639349692084,20.49591950043737,33.28393725709182,0.0961385692024947,86.27389488659519,99.53093800353552,25752.01691657887,0.0,0.0,30.334273807366586,1.820056428441995,0.0961385692024947
legacy_guard,legacy_guard_pct,8.0,archive_reselection,representative,rep_Alibaba2017_trace_dynamic_n060_823,rep_Alibaba2017_trace_dynamic_n060_823,Alibaba2017,trace_dynamic,30,60,823,823,0,exact_frozen_v3a_representative_scenario,216,0,0.0,v6c_anchor_critical_tail_turbo_1,241.7894342249924,20.434642558142592,1.3024891291033829,237.055777556336,1.611111111111111,1.0,241.7894342249924,20.434642558142592,208.5054969679005,20.338503988940097,180638.09669491503,25838.09669491503,209.20245623982908,20.39978093123487,242.48639349692084,20.49591950043737,33.28393725709182,0.0961385692024947,86.27389488659519,99.53093800353552,25752.01691657887,0.0,0.0,30.334273807366586,1.820056428441995,0.0961385692024947
migration_energy_threshold,migration_energy_fraction_limit_pct,0.0,archive_reselection,representative,rep_Alibaba2017_trace_dynamic_n060_823,rep_Alibaba2017_trace_dynamic_n060_823,Alibaba2017,trace_dynamic,30,60,823,823,0,exact_frozen_v3a_representative_scenario,216,0,0.0,v6c_anchor_critical_tail_turbo_1,241.78943422499236,20.434642558142592,1.3024891291033827,237.055777556336,1.611111111111111,1.0,241.78943422499236,20.434642558142592,208.50549696790054,20.338503988940097,180638.09669491503,25838.09669491503,209.20245623982908,20.39978093123487,242.48639349692084,20.49591950043737,33.28393725709182,0.09613856920249475,86.27389488659519,99.53093800353552,25752.01691657887,0.0,0.0,30.334273807366582,1.820056428441995,0.09613856920249472
migration_energy_threshold,migration_energy_fraction_limit_pct,0.5,archive_reselection,representative,rep_Alibaba2017_trace_dynamic_n060_823,rep_Alibaba2017_trace_dynamic_n060_823,Alibaba2017,trace_dynamic,30,60,823,823,0,exact_frozen_v3a_representative_scenario,216,0,0.0,v6c_anchor_critical_tail_turbo_1,241.78943422499236,20.434642558142592,1.3024891291033827,237.055777556336,1.611111111111111,1.0,241.78943422499236,20.434642558142592,208.50549696790054,20.338503988940097,180638.09669491503,25838.09669491503,209.20245623982908,20.39978093123487,242.48639349692084,20.49591950043737,33.28393725709182,0.09613856920249475,86.27389488659519,99.53093800353552,25752.01691657887,0.0,0.0,30.334273807366582,1.820056428441995,0.09613856920249472
migration_energy_threshold,migration_energy_fraction_limit_pct,1.0,archive_reselection,representative,rep_Alibaba2017_trace_dynamic_n060_823,rep_Alibaba2017_trace_dynamic_n060_823,Alibaba2017,trace_dynamic,30,60,823,823,0,exact_frozen_v3a_representative_scenario,216,0,0.0,v6c_anchor_critical_tail_turbo_1,241.7894342249924,20.434642558142592,1.3024891291033829,237.055777556336,1.611111111111111,1.0,241.7894342249924,20.434642558142592,208.5054969679005,20.338503988940097,180638.09669491503,25838.09669491503,209.20245623982908,20.39978093123487,242.48639349692084,20.49591950043737,33.28393725709182,0.0961385692024947,86.27389488659519,99.53093800353552,25752.01691657887,0.0,0.0,30.334273807366586,1.820056428441995,0.0961385692024947
migration_energy_threshold,migration_energy_fraction_limit_pct,2.0,archive_reselection,representative,rep_Alibaba2017_trace_dynamic_n060_823,rep_Alibaba2017_trace_dynamic_n060_823,Alibaba2017,trace_dynamic,30,60,823,823,0,exact_frozen_v3a_representative_scenario,216,0,0.0,v6c_anchor_critical_tail_turbo_1,241.7894342249924,20.434642558142592,1.3024891291033829,237.055777556336,1.611111111111111,1.0,241.7894342249924,20.434642558142592,208.5054969679005,20.338503988940097,180638.09669491503,25838.09669491503,209.20245623982908,20.39978093123487,242.48639349692084,20.49591950043737,33.28393725709182,0.0961385692024947,86.27389488659519,99.53093800353552,25752.01691657887,0.0,0.0,30.334273807366586,1.820056428441995,0.0961385692024947
evaluation_budget,budget_factor,0.6,,representative,rep_Alibaba2017_flexible_dynamic_n060_823,rep_Alibaba2017_flexible_dynamic_n060_823,Alibaba2017,flexible_dynamic,30,60,823,823,0,exact_frozen_v3a_representative_scenario,216,130,7.160230059998867,v6c_anchor_critical_tail_turbo_1,241.78943422499236,20.434642558142592,1.3024891291033827,237.055777556336,1.611111111111111,1.0,241.78943422499236,20.434642558142592,208.50549696790054,20.338503988940097,187413.59669491503,32613.59669491503,264.0614212398294,25.54982032334559,297.3453584969208,25.645958892548084,33.28393725709182,0.09613856920249475,88.80630340915978,99.62513170357444,25752.01691657887,0.0,0.0,30.334273807366582,1.820056428441995,0.09613856920249472
evaluation_budget,budget_factor,0.8,,representative,rep_Alibaba2017_flexible_dynamic_n060_823,rep_Alibaba2017_flexible_dynamic_n060_823,Alibaba2017,flexible_dynamic,30,60,823,823,0,exact_frozen_v3a_representative_scenario,216,173,6.190129540998896,v6c_anchor_critical_tail_turbo_1,241.78943422499236,20.434642558142592,1.3024891291033827,237.055777556336,1.611111111111111,1.0,241.78943422499236,20.434642558142592,208.50549696790054,20.338503988940097,187413.59669491503,32613.59669491503,264.0614212398294,25.54982032334559,297.3453584969208,25.645958892548084,33.28393725709182,0.09613856920249475,88.80630340915978,99.62513170357444,25752.01691657887,0.0,0.0,30.334273807366582,1.820056428441995,0.09613856920249472
evaluation_budget,budget_factor,1.0,,representative,rep_Alibaba2017_flexible_dynamic_n060_823,rep_Alibaba2017_flexible_dynamic_n060_823,Alibaba2017,flexible_dynamic,30,60,823,823,0,exact_frozen_v3a_representative_scenario,216,216,9.089704498000174,v6c_anchor_critical_tail_turbo_1,241.78943422499236,20.434642558142592,1.3024891291033827,237.055777556336,1.611111111111111,1.0,241.78943422499236,20.434642558142592,208.50549696790054,20.338503988940097,187413.59669491503,32613.59669491503,264.0614212398294,25.54982032334559,297.3453584969208,25.645958892548084,33.28393725709182,0.09613856920249475,88.80630340915978,99.62513170357444,25752.01691657887,0.0,0.0,30.334273807366582,1.820056428441995,0.09613856920249472
evaluation_budget,budget_factor,1.2,,representative,rep_Alibaba2017_flexible_dynamic_n060_823,rep_Alibaba2017_flexible_dynamic_n060_823,Alibaba2017,flexible_dynamic,30,60,823,823,0,exact_frozen_v3a_representative_scenario,216,259,10.53553721800563,v6c_anchor_critical_tail_turbo_1,241.78943422499236,20.434642558142592,1.3024891291033827,237.055777556336,1.611111111111111,1.0,241.78943422499236,20.434642558142592,208.50549696790054,20.338503988940097,187413.59669491503,32613.59669491503,264.0614212398294,25.54982032334559,297.3453584969208,25.645958892548084,33.28393725709182,0.09613856920249475,88.80630340915978,99.62513170357444,25752.01691657887,0.0,0.0,30.334273807366582,1.820056428441995,0.09613856920249472
critical_tail_size,tail_size,1,,representative,rep_Alibaba2017_flexible_dynamic_n060_823,rep_Alibaba2017_flexible_dynamic_n060_823,Alibaba2017,flexible_dynamic,30,60,823,823,0,exact_frozen_v3a_representative_scenario,216,216,7.586896660999628,parameterized_v6c_anchor_critical_tail_turbo_1,241.78943422499236,20.434642558142592,1.3024891291033827,237.055777556336,1.611111111111111,1.0,241.78943422499236,20.434642558142592,208.50549696790054,20.338503988940097,187413.59669491503,32613.59669491503,264.0614212398294,25.54982032334559,297.3453584969208,25.645958892548084,33.28393725709182,0.09613856920249475,88.80630340915978,99.62513170357444,25752.01691657887,0.0,0.0,30.334273807366582,1.820056428441995,0.09613856920249472
critical_tail_size,tail_size,2,,representative,rep_Alibaba2017_flexible_dynamic_n060_823,rep_Alibaba2017_flexible_dynamic_n060_823,Alibaba2017,flexible_dynamic,30,60,823,823,0,exact_frozen_v3a_representative_scenario,216,216,8.881290974997682,parameterized_v6c_anchor_critical_tail_turbo_2,241.79559533723955,20.434642558142592,1.3073311807444545,237.05709661694212,1.611111111111111,1.0,241.79559533723955,20.434642558142592,208.50549696790054,20.338503988940097,187413.59669491503,32613.59669491503,264.0614212398294,25.54982032334559,297.351519609168,25.645958892548084,33.290098369339006,0.09613856920249475,88.8044633459098,99.62513170357444,25752.01691657887,0.0,0.0,30.334273807366582,1.820056428441995,0.09613856920249472
critical_tail_size,tail_size,4,,representative,rep_Alibaba2017_flexible_dynamic_n060_823,rep_Alibaba2017_flexible_dynamic_n060_823,Alibaba2017,flexible_dynamic,30,60,823,823,0,exact_frozen_v3a_representative_scenario,216,216,9.278078604998882,parameterized_v6c_anchor_critical_tail_turbo_4,241.80340652751687,20.434642558142592,1.3134700376883552,237.05876895027552,1.611111111111111,1.0,241.80340652751687,20.434642558142592,208.50549696790054,20.338503988940097,187413.59669491503,32613.59669491503,264.0614212398294,25.54982032334559,297.35933079944533,25.645958892548084,33.29790955961633,0.09613856920249475,88.80213058386461,99.62513170357444,25752.01691657887,0.0,0.0,30.334273807366582,1.820056428441995,0.09613856920249472
critical_tail_size,tail_size,8,,representative,rep_Alibaba2017_flexible_dynamic_n060_823,rep_Alibaba2017_flexible_dynamic_n060_823,Alibaba2017,flexible_dynamic,30,60,823,823,0,exact_frozen_v3a_representative_scenario,216,216,7.362155367998639,parameterized_v6c_anchor_critical_tail_turbo_8,241.82466835627378,20.434642558142592,1.3321641361422796,237.06133668057853,1.611111111111111,1.0,241.82466835627378,20.434642558142592,208.50549696790054,20.338503988940097,187413.59669491503,32613.59669491503,264.0614212398294,25.54982032334559,297.38059262820224,25.645958892548084,33.319171388373235,0.09613856920249475,88.79578149538833,99.62513170357444,25752.01691657887,0.0,0.0,30.334273807366582,1.820056428441995,0.09613856920249472
carbon_shift_cap,maximum_shift_fraction,0.0,,representative,rep_Alibaba2017_flexible_dynamic_n060_823,rep_Alibaba2017_flexible_dynamic_n060_823,Alibaba2017,flexible_dynamic,30,60,823,823,0,exact_frozen_v3a_representative_scenario,216,216,9.38270384700445,v6c_anchor_critical_tail_turbo_1__shift_cap,241.78943422499236,20.434642558142592,1.3024891291033827,237.055777556336,1.611111111111111,1.0,241.78943422499236,20.434642558142592,208.50549696790054,20.338503988940097,187413.59669491503,32613.59669491503,264.0614212398294,25.54982032334559,297.3453584969208,25.645958892548084,33.28393725709182,0.09613856920249475,88.80630340915978,99.62513170357444,25752.01691657887,0.0,0.0,30.334273807366582,1.820056428441995,0.09613856920249472
carbon_shift_cap,maximum_shift_fraction,0.25,,representative,rep_Alibaba2017_flexible_dynamic_n060_823,rep_Alibaba2017_flexible_dynamic_n060_823,Alibaba2017,flexible_dynamic,30,60,823,823,0,exact_frozen_v3a_representative_scenario,216,216,7.42414356199879,v6c_anchor_critical_tail_turbo_1__shift_cap,241.78943422499236,20.434642558142592,1.3024891291033827,237.055777556336,1.611111111111111,1.0,241.78943422499236,20.434642558142592,208.50549696790054,20.338503988940097,187413.59669491503,32613.59669491503,264.0614212398294,25.54982032334559,297.3453584969208,25.645958892548084,33.28393725709182,0.09613856920249475,88.80630340915978,99.62513170357444,25752.01691657887,0.0,0.0,30.334273807366582,1.820056428441995,0.09613856920249472
carbon_shift_cap,maximum_shift_fraction,0.5,,representative,rep_Alibaba2017_flexible_dynamic_n060_823,rep_Alibaba2017_flexible_dynamic_n060_823,Alibaba2017,flexible_dynamic,30,60,823,823,0,exact_frozen_v3a_representative_scenario,216,216,9.355753584000922,v6c_anchor_critical_tail_turbo_1__shift_cap,241.78943422499236,20.434642558142592,1.3024891291033827,237.055777556336,1.611111111111111,1.0,241.78943422499236,20.434642558142592,208.50549696790054,20.338503988940097,187413.59669491503,32613.59669491503,264.0614212398294,25.54982032334559,297.3453584969208,25.645958892548084,33.28393725709182,0.09613856920249475,88.80630340915978,99.62513170357444,25752.01691657887,0.0,0.0,30.334273807366582,1.820056428441995,0.09613856920249472
carbon_shift_cap,maximum_shift_fraction,1.0,,representative,rep_Alibaba2017_flexible_dynamic_n060_823,rep_Alibaba2017_flexible_dynamic_n060_823,Alibaba2017,flexible_dynamic,30,60,823,823,0,exact_frozen_v3a_representative_scenario,216,216,9.089704498000174,v6c_anchor_critical_tail_turbo_1,241.78943422499236,20.434642558142592,1.3024891291033827,237.055777556336,1.611111111111111,1.0,241.78943422499236,20.434642558142592,208.50549696790054,20.338503988940097,187413.59669491503,32613.59669491503,264.0614212398294,25.54982032334559,297.3453584969208,25.645958892548084,33.28393725709182,0.09613856920249475,88.80630340915978,99.62513170357444,25752.01691657887,0.0,0.0,30.334273807366582,1.820056428441995,0.09613856920249472
dvfs_policy,dvfs_policy,balanced_only,,representative,rep_Alibaba2017_flexible_dynamic_n060_823,rep_Alibaba2017_flexible_dynamic_n060_823,Alibaba2017,flexible_dynamic,30,60,823,823,0,exact_frozen_v3a_representative_scenario,216,216,5.584362317000341,v6c_anchor_critical_tail_turbo_8__no_dvfs,241.7033297286575,20.434648310564572,1.3213350555546692,236.95082713354975,1.611111111111111,1.0,241.7033297286575,20.434648310564572,208.50556239550994,20.338509741362078,187413.59669491503,32613.59669491503,264.0614212398294,25.54982032334559,297.25918857297665,25.645958892548073,33.19776733314757,0.09613856920249475,88.83204670896244,99.62513170357448,25752.024997386936,0.0,0.0,30.334273807366582,1.820056428441995,0.09613856920249472
dvfs_policy,dvfs_policy,eco_balanced,,representative,rep_Alibaba2017_flexible_dynamic_n060_823,rep_Alibaba2017_flexible_dynamic_n060_823,Alibaba2017,flexible_dynamic,30,60,823,823,0,exact_frozen_v3a_representative_scenario,216,216,8.450906309997663,v6c_anchor_critical_tail_turbo_8__eco_balanced_dvfs,241.7026163924302,20.434648310564572,1.3209959804384956,236.95045287243863,1.611111111111111,1.0,241.7026163924302,20.434648310564572,208.50556239550994,20.338509741362078,187413.59669491503,32613.59669491503,264.0614212398294,25.54982032334559,297.2584752367493,25.645958892548073,33.19705399692026,0.09613856920249475,88.83225988073835,99.62513170357448,25752.024997386936,0.0,0.0,30.334273807366582,1.820056428441995,0.09613856920249472
dvfs_policy,dvfs_policy,full_5state,,representative,rep_Alibaba2017_flexible_dynamic_n060_823,rep_Alibaba2017_flexible_dynamic_n060_823,Alibaba2017,flexible_dynamic,30,60,823,823,0,exact_frozen_v3a_representative_scenario,216,216,9.089704498000174,v6c_anchor_critical_tail_turbo_1,241.78943422499236,20.434642558142592,1.3024891291033827,237.055777556336,1.611111111111111,1.0,241.78943422499236,20.434642558142592,208.50549696790054,20.338503988940097,187413.59669491503,32613.59669491503,264.0614212398294,25.54982032334559,297.3453584969208,25.645958892548084,33.28393725709182,0.09613856920249475,88.80630340915978,99.62513170357444,25752.01691657887,0.0,0.0,30.334273807366582,1.820056428441995,0.09613856920249472
active_pool_size,pool_size,1,energy,representative,rep_Alibaba2017_flexible_dynamic_n060_823,rep_Alibaba2017_flexible_dynamic_n060_823,Alibaba2017,flexible_dynamic,30,60,823,823,0,exact_frozen_v3a_representative_scenario,216,1,0.06708448900462827,fixed_pool_energy_k1,240.61742277660187,24.56416087434926,1.3537922925358332,235.87187644534848,1.5555555555555556,1.0,240.61742277660187,24.56416087434926,208.50681746833345,20.338620087874553,187413.59669491503,32613.59669491503,264.0614212398294,25.54982032334559,296.1720265480974,29.775361109820295,32.11060530826842,4.225540786474706,89.1581235127034,85.80859936210456,25752.180008439667,0.0,0.0,30.603308052700875,1.8361984831620526,0.2000182177930773
active_pool_size,pool_size,1,carbon,representative,rep_Alibaba2017_flexible_dynamic_n060_823,rep_Alibaba2017_flexible_dynamic_n060_823,Alibaba2017,flexible_dynamic,30,60,823,823,0,exact_frozen_v3a_representative_scenario,216,1,0.06735498900525272,fixed_pool_carbon_k1,241.82512783456303,20.434648310564572,1.404834932431072,236.9891253625789,1.611111111111111,1.0,241.82512783456303,20.434648310564572,208.50556239550994,20.338509741362078,187413.59669491503,32613.59669491503,264.0614212398294,25.54982032334559,297.38098667888215,25.645958892548073,33.31956543905309,0.09613856920249475,88.79566383474545,99.62513170357448,25752.024997386936,0.0,0.0,30.334273807366582,1.820056428441995,0.09613856920249472
active_pool_size,pool_size,1,hybrid,representative,rep_Alibaba2017_flexible_dynamic_n060_823,rep_Alibaba2017_flexible_dynamic_n060_823,Alibaba2017,flexible_dynamic,30,60,823,823,0,exact_frozen_v3a_representative_scenario,216,1,0.0669376350051607,fixed_pool_hybrid_k1,240.61742277660187,24.56416087434926,1.3537922925358332,235.87187644534848,1.5555555555555556,1.0,240.61742277660187,24.56416087434926,208.50681746833345,20.338620087874553,187413.59669491503,32613.59669491503,264.0614212398294,25.54982032334559,296.1720265480974,29.775361109820295,32.11060530826842,4.225540786474706,89.1581235127034,85.80859936210456,25752.180008439667,0.0,0.0,30.603308052700875,1.8361984831620526,0.2000182177930773
active_pool_size,pool_size,1,speed,representative,rep_Alibaba2017_flexible_dynamic_n060_823,rep_Alibaba2017_flexible_dynamic_n060_823,Alibaba2017,flexible_dynamic,30,60,823,823,0,exact_frozen_v3a_representative_scenario,216,1,0.06694602299830876,fixed_pool_speed_k1,376.31328536114853,42.62274803781401,2.4080983089547257,332.8689885690319,39.2,1.0,376.31328536114853,42.62274803781401,208.50666489114823,20.338606673226444,187413.59669491503,32613.59669491503,264.0614212398294,25.54982032334559,431.86804170982924,47.833961687933154,167.8066204700003,22.28414136458757,61.1440059779305,53.41355685743027,25752.161163995217,0.0,0.0,30.603308052700875,1.8361984831620526,0.2000182177930773
active_pool_size,pool_size,2,energy,representative,rep_Alibaba2017_flexible_dynamic_n060_823,rep_Alibaba2017_flexible_dynamic_n060_823,Alibaba2017,flexible_dynamic,30,60,823,823,0,exact_frozen_v3a_representative_scenario,216,1,0.07261034000111977,fixed_pool_energy_k2,240.68439804165996,24.573030366245987,1.4148039391773892,235.87784006376498,1.5555555555555556,1.0,240.68439804165996,24.573030366245987,208.50678148314836,20.338616924042455,187413.59669491503,32613.59669491503,264.0614212398294,25.54982032334559,296.2390377983406,29.784233765549118,32.1776165585116,4.234413442203532,89.13795534928265,85.78303717485122,25752.17556399523,0.0,0.0,30.603308052700875,1.8361984831620526,0.2000182177930773
active_pool_size,pool_size,2,carbon,representative,rep_Alibaba2017_flexible_dynamic_n060_823,rep_Alibaba2017_flexible_dynamic_n060_823,Alibaba2017,flexible_dynamic,30,60,823,823,0,exact_frozen_v3a_representative_scenario,216,1,0.07228547900012927,fixed_pool_carbon_k2,241.98520248544918,20.43464514673248,1.467509552298108,237.08652539359798,1.611111111111111,1.0,241.98520248544918,20.43464514673248,208.50552641032476,20.338506577529984,187413.59669491503,32613.59669491503,264.0614212398294,25.54982032334559,297.5410973149534,25.645958892548073,33.47967607512442,0.09613856920249475,88.74788176246958,99.62513170357448,25752.0205529425,0.0,0.0,30.334273807366582,1.820056428441995,0.09613856920249472
active_pool_size,pool_size,2,hybrid,representative,rep_Alibaba2017_flexible_dynamic_n060_823,rep_Alibaba2017_flexible_dynamic_n060_823,Alibaba2017,flexible_dynamic,30,60,823,823,0,exact_frozen_v3a_representative_scenario,216,1,0.06948703500529518,fixed_pool_hybrid_k2,241.98520248544918,20.43464514673248,1.467509552298108,237.08652539359798,1.611111111111111,1.0,241.98520248544918,20.43464514673248,208.50552641032476,20.338506577529984,187413.59669491503,32613.59669491503,264.0614212398294,25.54982032334559,297.5410973149534,25.645958892548073,33.47967607512442,0.09613856920249475,88.74788176246958,99.62513170357448,25752.0205529425,0.0,0.0,30.334273807366582,1.820056428441995,0.09613856920249472
active_pool_size,pool_size,2,speed,representative,rep_Alibaba2017_flexible_dynamic_n060_823,rep_Alibaba2017_flexible_dynamic_n060_823,Alibaba2017,flexible_dynamic,30,60,823,823,0,exact_frozen_v3a_representative_scenario,216,1,0.07236967499920866,fixed_pool_speed_k2,451.1524324912501,41.58936379995192,2.4733336840624833,407.1326815602745,39.637499999999996,2.0,451.1524324912501,41.58936379995192,208.50617581668553,20.338563673601012,187413.59669491503,32613.59669491503,264.0614212398294,25.54982032334559,506.7076779143936,46.80062044969649,242.6462566745646,21.250800126350907,52.11316756175965,54.592909405565976,25752.100759574125,0.0,0.0,31.815287448554148,1.908917246913249,0.15796842367923697
active_pool_size,pool_size,4,energy,representative,rep_Alibaba2017_flexible_dynamic_n060_823,rep_Alibaba2017_flexible_dynamic_n060_823,Alibaba2017,flexible_dynamic,30,60,823,823,0,exact_frozen_v3a_representative_scenario,216,1,0.07605349400546402,fixed_pool_energy_k4,242.03598012592917,22.491941900671826,1.4380377287092012,237.06727819030996,1.579861111111111,2.0,242.03598012592917,22.491941900671826,208.50629240868562,20.338573924417023,187413.59669491503,32613.59669491503,264.0614212398294,25.54982032334559,297.59110895707255,27.703188299600384,33.52968771724355,2.1533679762548026,88.73296724665258,92.22700306922486,25752.11515957414,0.0,0.0,32.51338492998196,1.950803095798917,0.1528048149509478
active_pool_size,pool_size,4,carbon,representative,rep_Alibaba2017_flexible_dynamic_n060_823,rep_Alibaba2017_flexible_dynamic_n060_823,Alibaba2017,flexible_dynamic,30,60,823,823,0,exact_frozen_v3a_representative_scenario,216,1,0.07345287100179121,fixed_pool_carbon_k4,241.98520248544918,20.43464514673248,1.467509552298108,237.08652539359798,1.611111111111111,1.0,241.98520248544918,20.43464514673248,208.50552641032476,20.338506577529984,187413.59669491503,32613.59669491503,264.0614212398294,25.54982032334559,297.5410973149534,25.645958892548073,33.47967607512442,0.09613856920249475,88.74788176246958,99.62513170357448,25752.0205529425,0.0,0.0,30.334273807366582,1.820056428441995,0.09613856920249472
active_pool_size,pool_size,4,hybrid,representative,rep_Alibaba2017_flexible_dynamic_n060_823,rep_Alibaba2017_flexible_dynamic_n060_823,Alibaba2017,flexible_dynamic,30,60,823,823,0,exact_frozen_v3a_representative_scenario,216,1,0.0725925910010119,fixed_pool_hybrid_k4,241.98520248544918,20.43464514673248,1.467509552298108,237.08652539359798,1.611111111111111,1.0,241.98520248544918,20.43464514673248,208.50552641032476,20.338506577529984,187413.59669491503,32613.59669491503,264.0614212398294,25.54982032334559,297.5410973149534,25.645958892548073,33.47967607512442,0.09613856920249475,88.74788176246958,99.62513170357448,25752.0205529425,0.0,0.0,30.334273807366582,1.820056428441995,0.09613856920249472
active_pool_size,pool_size,4,speed,representative,rep_Alibaba2017_flexible_dynamic_n060_823,rep_Alibaba2017_flexible_dynamic_n060_823,Alibaba2017,flexible_dynamic,30,60,823,823,0,exact_frozen_v3a_representative_scenario,216,1,0.10906688099930761,fixed_pool_speed_k4,426.1110579393459,24.353594516601273,2.5149677089415845,381.3845504328221,40.425,2.0,426.1110579393459,24.353594516601273,208.50617581668553,20.338563673601012,187413.59669491503,32613.59669491503,264.0614212398294,25.54982032334559,481.66630336248943,29.564851166345843,217.6048821226604,4.015030843000261,54.8224817464766,86.41958039832573,25752.100759574125,0.0,0.0,29.775663293039454,1.7865397975823671,0.10513779452799359
active_pool_size,pool_size,6,energy,representative,rep_Alibaba2017_flexible_dynamic_n060_823,rep_Alibaba2017_flexible_dynamic_n060_823,Alibaba2017,flexible_dynamic,30,60,823,823,0,exact_frozen_v3a_representative_scenario,216,1,0.08074302800378064,fixed_pool_energy_k6,251.73405776312623,21.227114415941916,1.4594334368464272,246.8839178620307,1.6041666666666663,2.0,251.73405776312623,21.227114415941916,208.50629240868562,20.338573924417023,187413.59669491503,32613.59669491503,264.0614212398294,25.54982032334559,307.2891865942696,26.438360814870475,43.227765354440606,0.8885404915248927,85.93254587525848,96.63919976829608,25752.11515957414,0.0,0.0,29.775663293039454,1.7865397975823671,0.10513779452799359
active_pool_size,pool_size,6,carbon,representative,rep_Alibaba2017_flexible_dynamic_n060_823,rep_Alibaba2017_flexible_dynamic_n060_823,Alibaba2017,flexible_dynamic,30,60,823,823,0,exact_frozen_v3a_representative_scenario,216,1,0.08993086199916434,fixed_pool_carbon_k6,298.9803332860152,20.434639451834705,1.6351943215665057,286.5431380915623,8.981944444444444,2.0,298.9803332860152,20.434639451834705,208.5054616369914,20.33850088263221,187413.59669491503,32613.59669491503,264.0614212398294,25.54982032334559,354.53629288885276,25.64595889254808,90.47487164902378,0.09613856920249475,74.48078702696107,99.62513170357445,25752.0125529425,0.0,0.0,30.334273807366582,1.820056428441995,0.09613856920249472
active_pool_size,pool_size,6,hybrid,representative,rep_Alibaba2017_flexible_dynamic_n060_823,rep_Alibaba2017_flexible_dynamic_n060_823,Alibaba2017,flexible_dynamic,30,60,823,823,0,exact_frozen_v3a_representative_scenario,216,1,0.08385591999831377,fixed_pool_hybrid_k6,265.0220913156909,23.521329000639508,1.4650063149243706,259.1845040236513,2.7777777777777777,2.0,265.0220913156909,23.521329000639508,208.50552641032476,20.338506577529984,187413.59669491503,32613.59669491503,264.0614212398294,25.54982032334559,320.57798614519515,28.732642746455102,56.516564905366124,3.182822423109524,82.37041613962586,88.92262556147156,25752.0205529425,0.0,0.0,26.580053322289086,1.5948031993373453,0.08161060067817623
active_pool_size,pool_size,6,speed,representative,rep_Alibaba2017_flexible_dynamic_n060_823,rep_Alibaba2017_flexible_dynamic_n060_823,Alibaba2017,flexible_dynamic,30,60,823,823,0,exact_frozen_v3a_representative_scenario,216,1,0.07838016000459902,fixed_pool_speed_k6,426.1110579393459,24.353594516601273,2.5149677089415845,381.3845504328221,40.425,2.0,426.1110579393459,24.353594516601273,208.50617581668553,20.338563673601012,187413.59669491503,32613.59669491503,264.0614212398294,25.54982032334559,481.66630336248943,29.564851166345843,217.6048821226604,4.015030843000261,54.8224817464766,86.41958039832573,25752.100759574125,0.0,0.0,29.775663293039454,1.7865397975823671,0.10513779452799359
active_pool_size,pool_size,8,energy,representative,rep_Alibaba2017_flexible_dynamic_n060_823,rep_Alibaba2017_flexible_dynamic_n060_823,Alibaba2017,flexible_dynamic,30,60,823,823,0,exact_frozen_v3a_representative_scenario,216,1,0.08375765800155932,fixed_pool_energy_k8,251.73405776312623,21.227114415941916,1.4594334368464272,246.8839178620307,1.6041666666666663,2.0,251.73405776312623,21.227114415941916,208.50629240868562,20.338573924417023,187413.59669491503,32613.59669491503,264.0614212398294,25.54982032334559,307.2891865942696,26.438360814870475,43.227765354440606,0.8885404915248927,85.93254587525848,96.63919976829608,25752.11515957414,0.0,0.0,29.775663293039454,1.7865397975823671,0.10513779452799359
active_pool_size,pool_size,8,carbon,representative,rep_Alibaba2017_flexible_dynamic_n060_823,rep_Alibaba2017_flexible_dynamic_n060_823,Alibaba2017,flexible_dynamic,30,60,823,823,0,exact_frozen_v3a_representative_scenario,216,1,0.08142293800483458,fixed_pool_carbon_k8,319.4591267697936,20.929532338744025,1.6323005687064698,306.0023445518352,10.21111111111111,3.0,319.4591267697936,20.929532338744025,208.5054616369914,20.33850088263221,187413.59669491503,32613.59669491503,264.0614212398294,25.54982032334559,375.0150863726312,26.1408517794574,110.9536651328022,0.5910314561118142,70.41354623729632,97.7390505057059,25752.0125529425,0.0,0.0,26.889508969015974,1.6133705381409584,0.09420366960888303
active_pool_size,pool_size,8,hybrid,representative,rep_Alibaba2017_flexible_dynamic_n060_823,rep_Alibaba2017_flexible_dynamic_n060_823,Alibaba2017,flexible_dynamic,30,60,823,823,0,exact_frozen_v3a_representative_scenario,216,1,0.08399219199782237,fixed_pool_hybrid_k8,265.63029144408387,23.63740797305623,1.4647880649243588,259.7929224020443,2.7777777777777777,2.0,265.63029144408387,23.63740797305623,208.50552641032476,20.338506577529984,187413.59669491503,32613.59669491503,264.0614212398294,25.54982032334559,321.1861862735881,28.848721718871825,57.124765033759104,3.298901395526247,82.21443901541284,88.56482644994212,25752.0205529425,0.0,0.0,26.580053322289086,1.5948031993373453,0.08612469049776049
active_pool_size,pool_size,8,speed,representative,rep_Alibaba2017_flexible_dynamic_n060_823,rep_Alibaba2017_flexible_dynamic_n060_823,Alibaba2017,flexible_dynamic,30,60,823,823,0,exact_frozen_v3a_representative_scenario,216,1,0.08487378500285558,fixed_pool_speed_k8,285.78139378481575,25.06072934007399,1.6566825431237855,271.7581205549735,10.45,1.0,285.78139378481575,25.06072934007399,208.50622763535227,20.338568229519243,187413.59669491503,32613.59669491503,264.0614212398294,25.54982032334559,341.3365873892925,30.27198143390033,77.27516614946347,4.722161110554747,77.36100699297985,84.40088528441488,25752.107159574138,0.0,0.0,31.94317811197662,1.9165906867185971,0.14804219315093228
makespan_guard,makespan_guard_pct,0.5,archive_reselection,representative,rep_Alibaba2017_flexible_dynamic_n060_823,rep_Alibaba2017_flexible_dynamic_n060_823,Alibaba2017,flexible_dynamic,30,60,823,823,0,exact_frozen_v3a_representative_scenario,216,0,0.0,v6c_anchor_critical_tail_turbo_1,241.7894342249924,20.434642558142592,1.3024891291033829,237.055777556336,1.611111111111111,1.0,241.7894342249924,20.434642558142592,208.5054969679005,20.338503988940097,187413.59669491503,32613.59669491503,264.0614212398294,25.54982032334559,297.3453584969208,25.645958892548084,33.28393725709182,0.0961385692024947,88.80630340915978,99.62513170357444,25752.01691657887,0.0,0.0,30.334273807366586,1.820056428441995,0.0961385692024947
makespan_guard,makespan_guard_pct,1.0,archive_reselection,representative,rep_Alibaba2017_flexible_dynamic_n060_823,rep_Alibaba2017_flexible_dynamic_n060_823,Alibaba2017,flexible_dynamic,30,60,823,823,0,exact_frozen_v3a_representative_scenario,216,0,0.0,v6c_anchor_critical_tail_turbo_1,241.7894342249924,20.434642558142592,1.3024891291033829,237.055777556336,1.611111111111111,1.0,241.7894342249924,20.434642558142592,208.5054969679005,20.338503988940097,187413.59669491503,32613.59669491503,264.0614212398294,25.54982032334559,297.3453584969208,25.645958892548084,33.28393725709182,0.0961385692024947,88.80630340915978,99.62513170357444,25752.01691657887,0.0,0.0,30.334273807366586,1.820056428441995,0.0961385692024947
makespan_guard,makespan_guard_pct,2.0,archive_reselection,representative,rep_Alibaba2017_flexible_dynamic_n060_823,rep_Alibaba2017_flexible_dynamic_n060_823,Alibaba2017,flexible_dynamic,30,60,823,823,0,exact_frozen_v3a_representative_scenario,216,0,0.0,v6c_anchor_critical_tail_turbo_1,241.7894342249924,20.434642558142592,1.3024891291033829,237.055777556336,1.611111111111111,1.0,241.7894342249924,20.434642558142592,208.5054969679005,20.338503988940097,187413.59669491503,32613.59669491503,264.0614212398294,25.54982032334559,297.3453584969208,25.645958892548084,33.28393725709182,0.0961385692024947,88.80630340915978,99.62513170357444,25752.01691657887,0.0,0.0,30.334273807366586,1.820056428441995,0.0961385692024947
controllable_energy_guard,controllable_energy_guard_pct,5.0,archive_reselection,representative,rep_Alibaba2017_flexible_dynamic_n060_823,rep_Alibaba2017_flexible_dynamic_n060_823,Alibaba2017,flexible_dynamic,30,60,823,823,0,exact_frozen_v3a_representative_scenario,216,0,0.0,v6c_anchor_critical_tail_turbo_1,241.7894342249924,20.434642558142592,1.3024891291033829,237.055777556336,1.611111111111111,1.0,241.7894342249924,20.434642558142592,208.5054969679005,20.338503988940097,187413.59669491503,32613.59669491503,264.0614212398294,25.54982032334559,297.3453584969208,25.645958892548084,33.28393725709182,0.0961385692024947,88.80630340915978,99.62513170357444,25752.01691657887,0.0,0.0,30.334273807366586,1.820056428441995,0.0961385692024947
controllable_energy_guard,controllable_energy_guard_pct,10.0,archive_reselection,representative,rep_Alibaba2017_flexible_dynamic_n060_823,rep_Alibaba2017_flexible_dynamic_n060_823,Alibaba2017,flexible_dynamic,30,60,823,823,0,exact_frozen_v3a_representative_scenario,216,0,0.0,v6c_anchor_critical_tail_turbo_1,241.7894342249924,20.434642558142592,1.3024891291033829,237.055777556336,1.611111111111111,1.0,241.7894342249924,20.434642558142592,208.5054969679005,20.338503988940097,187413.59669491503,32613.59669491503,264.0614212398294,25.54982032334559,297.3453584969208,25.645958892548084,33.28393725709182,0.0961385692024947,88.80630340915978,99.62513170357444,25752.01691657887,0.0,0.0,30.334273807366586,1.820056428441995,0.0961385692024947
controllable_energy_guard,controllable_energy_guard_pct,15.0,archive_reselection,representative,rep_Alibaba2017_flexible_dynamic_n060_823,rep_Alibaba2017_flexible_dynamic_n060_823,Alibaba2017,flexible_dynamic,30,60,823,823,0,exact_frozen_v3a_representative_scenario,216,0,0.0,v6c_anchor_critical_tail_fast_turbo_1,246.5752857092097,20.43463323921894,1.3031035775875073,236.7660145920692,6.68611111111111,2.0,246.5752857092097,20.43463323921894,208.50539097517316,20.338494670016445,187413.59669491503,32613.59669491503,264.0614212398294,25.54982032334559,302.1313159738656,25.64595889254808,38.06989473403661,0.0961385692024947,87.39955353144218,99.62513170357444,25752.00382566976,0.0,0.0,30.334273807366586,1.820056428441995,0.0961385692024947
gross_energy_guard,gross_energy_guard_pct,2.0,archive_reselection,representative,rep_Alibaba2017_flexible_dynamic_n060_823,rep_Alibaba2017_flexible_dynamic_n060_823,Alibaba2017,flexible_dynamic,30,60,823,823,0,exact_frozen_v3a_representative_scenario,216,0,0.0,v6c_anchor_critical_tail_turbo_1,241.7894342249924,20.434642558142592,1.3024891291033829,237.055777556336,1.611111111111111,1.0,241.7894342249924,20.434642558142592,208.5054969679005,20.338503988940097,187413.59669491503,32613.59669491503,264.0614212398294,25.54982032334559,297.3453584969208,25.645958892548084,33.28393725709182,0.0961385692024947,88.80630340915978,99.62513170357444,25752.01691657887,0.0,0.0,30.334273807366586,1.820056428441995,0.0961385692024947
gross_energy_guard,gross_energy_guard_pct,5.0,archive_reselection,representative,rep_Alibaba2017_flexible_dynamic_n060_823,rep_Alibaba2017_flexible_dynamic_n060_823,Alibaba2017,flexible_dynamic,30,60,823,823,0,exact_frozen_v3a_representative_scenario,216,0,0.0,v6c_anchor_critical_tail_turbo_1,241.7894342249924,20.434642558142592,1.3024891291033829,237.055777556336,1.611111111111111,1.0,241.7894342249924,20.434642558142592,208.5054969679005,20.338503988940097,187413.59669491503,32613.59669491503,264.0614212398294,25.54982032334559,297.3453584969208,25.645958892548084,33.28393725709182,0.0961385692024947,88.80630340915978,99.62513170357444,25752.01691657887,0.0,0.0,30.334273807366586,1.820056428441995,0.0961385692024947
gross_energy_guard,gross_energy_guard_pct,8.0,archive_reselection,representative,rep_Alibaba2017_flexible_dynamic_n060_823,rep_Alibaba2017_flexible_dynamic_n060_823,Alibaba2017,flexible_dynamic,30,60,823,823,0,exact_frozen_v3a_representative_scenario,216,0,0.0,v6c_anchor_critical_tail_turbo_1,241.7894342249924,20.434642558142592,1.3024891291033829,237.055777556336,1.611111111111111,1.0,241.7894342249924,20.434642558142592,208.5054969679005,20.338503988940097,187413.59669491503,32613.59669491503,264.0614212398294,25.54982032334559,297.3453584969208,25.645958892548084,33.28393725709182,0.0961385692024947,88.80630340915978,99.62513170357444,25752.01691657887,0.0,0.0,30.334273807366586,1.820056428441995,0.0961385692024947
legacy_guard,legacy_guard_pct,2.0,archive_reselection,representative,rep_Alibaba2017_flexible_dynamic_n060_823,rep_Alibaba2017_flexible_dynamic_n060_823,Alibaba2017,flexible_dynamic,30,60,823,823,0,exact_frozen_v3a_representative_scenario,216,0,0.0,v6c_anchor_critical_tail_turbo_1,241.7894342249924,20.434642558142592,1.3024891291033829,237.055777556336,1.611111111111111,1.0,241.7894342249924,20.434642558142592,208.5054969679005,20.338503988940097,187413.59669491503,32613.59669491503,264.0614212398294,25.54982032334559,297.3453584969208,25.645958892548084,33.28393725709182,0.0961385692024947,88.80630340915978,99.62513170357444,25752.01691657887,0.0,0.0,30.334273807366586,1.820056428441995,0.0961385692024947
legacy_guard,legacy_guard_pct,5.0,archive_reselection,representative,rep_Alibaba2017_flexible_dynamic_n060_823,rep_Alibaba2017_flexible_dynamic_n060_823,Alibaba2017,flexible_dynamic,30,60,823,823,0,exact_frozen_v3a_representative_scenario,216,0,0.0,v6c_anchor_critical_tail_turbo_1,241.7894342249924,20.434642558142592,1.3024891291033829,237.055777556336,1.611111111111111,1.0,241.7894342249924,20.434642558142592,208.5054969679005,20.338503988940097,187413.59669491503,32613.59669491503,264.0614212398294,25.54982032334559,297.3453584969208,25.645958892548084,33.28393725709182,0.0961385692024947,88.80630340915978,99.62513170357444,25752.01691657887,0.0,0.0,30.334273807366586,1.820056428441995,0.0961385692024947
legacy_guard,legacy_guard_pct,8.0,archive_reselection,representative,rep_Alibaba2017_flexible_dynamic_n060_823,rep_Alibaba2017_flexible_dynamic_n060_823,Alibaba2017,flexible_dynamic,30,60,823,823,0,exact_frozen_v3a_representative_scenario,216,0,0.0,v6c_anchor_critical_tail_turbo_1,241.7894342249924,20.434642558142592,1.3024891291033829,237.055777556336,1.611111111111111,1.0,241.7894342249924,20.434642558142592,208.5054969679005,20.338503988940097,187413.59669491503,32613.59669491503,264.0614212398294,25.54982032334559,297.3453584969208,25.645958892548084,33.28393725709182,0.0961385692024947,88.80630340915978,99.62513170357444,25752.01691657887,0.0,0.0,30.334273807366586,1.820056428441995,0.0961385692024947
migration_energy_threshold,migration_energy_fraction_limit_pct,0.0,archive_reselection,representative,rep_Alibaba2017_flexible_dynamic_n060_823,rep_Alibaba2017_flexible_dynamic_n060_823,Alibaba2017,flexible_dynamic,30,60,823,823,0,exact_frozen_v3a_representative_scenario,216,0,0.0,v6c_anchor_critical_tail_turbo_1,241.78943422499236,20.434642558142592,1.3024891291033827,237.055777556336,1.611111111111111,1.0,241.78943422499236,20.434642558142592,208.50549696790054,20.338503988940097,187413.59669491503,32613.59669491503,264.0614212398294,25.54982032334559,297.3453584969208,25.645958892548084,33.28393725709182,0.09613856920249475,88.80630340915978,99.62513170357444,25752.01691657887,0.0,0.0,30.334273807366582,1.820056428441995,0.09613856920249472
migration_energy_threshold,migration_energy_fraction_limit_pct,0.5,archive_reselection,representative,rep_Alibaba2017_flexible_dynamic_n060_823,rep_Alibaba2017_flexible_dynamic_n060_823,Alibaba2017,flexible_dynamic,30,60,823,823,0,exact_frozen_v3a_representative_scenario,216,0,0.0,v6c_anchor_critical_tail_turbo_1,241.78943422499236,20.434642558142592,1.3024891291033827,237.055777556336,1.611111111111111,1.0,241.78943422499236,20.434642558142592,208.50549696790054,20.338503988940097,187413.59669491503,32613.59669491503,264.0614212398294,25.54982032334559,297.3453584969208,25.645958892548084,33.28393725709182,0.09613856920249475,88.80630340915978,99.62513170357444,25752.01691657887,0.0,0.0,30.334273807366582,1.820056428441995,0.09613856920249472
migration_energy_threshold,migration_energy_fraction_limit_pct,1.0,archive_reselection,representative,rep_Alibaba2017_flexible_dynamic_n060_823,rep_Alibaba2017_flexible_dynamic_n060_823,Alibaba2017,flexible_dynamic,30,60,823,823,0,exact_frozen_v3a_representative_scenario,216,0,0.0,v6c_anchor_critical_tail_turbo_1,241.7894342249924,20.434642558142592,1.3024891291033829,237.055777556336,1.611111111111111,1.0,241.7894342249924,20.434642558142592,208.5054969679005,20.338503988940097,187413.59669491503,32613.59669491503,264.0614212398294,25.54982032334559,297.3453584969208,25.645958892548084,33.28393725709182,0.0961385692024947,88.80630340915978,99.62513170357444,25752.01691657887,0.0,0.0,30.334273807366586,1.820056428441995,0.0961385692024947
migration_energy_threshold,migration_energy_fraction_limit_pct,2.0,archive_reselection,representative,rep_Alibaba2017_flexible_dynamic_n060_823,rep_Alibaba2017_flexible_dynamic_n060_823,Alibaba2017,flexible_dynamic,30,60,823,823,0,exact_frozen_v3a_representative_scenario,216,0,0.0,v6c_anchor_critical_tail_turbo_1,241.7894342249924,20.434642558142592,1.3024891291033829,237.055777556336,1.611111111111111,1.0,241.7894342249924,20.434642558142592,208.5054969679005,20.338503988940097,187413.59669491503,32613.59669491503,264.0614212398294,25.54982032334559,297.3453584969208,25.645958892548084,33.28393725709182,0.0961385692024947,88.80630340915978,99.62513170357444,25752.01691657887,0.0,0.0,30.334273807366586,1.820056428441995,0.0961385692024947
